publication_id,source_id,ioc_type,value,confidence
pub-006,src-006,defanged_domain,tubely[.]com,high
pub-006,src-006,defanged_domain,ixmax[.]cn,high
pub-010,src-010,sha256,c32974b865152c6ca3c5f0cc787319dfc2b32ea1bebc1f37f6c36d2ca75439c8,high
pub-010,src-010,sha256,b9e7780b1bf98b1f2e0fd25c793530891bbb678da743be6229d3466234c9e56c,high
pub-010,src-010,sha256,51073b3884699eb4779004ab08d793635f3913c36139bce9ff0aead9f383849c,high
pub-010,src-010,sha256,5c85249d375a3a38e87a45857c069c6710caef1e521194eed1b4c1ff463e5b0b,high
pub-010,src-010,sha256,24b94fed39c67b5a4f6675dc944b1a17914a90d218432d0aa8714442f6fa77eb,high
pub-010,src-010,sha256,4eb777f90399df3c658181550b02a247b2ce45546bd576b8b8c222946bb17c01,high
pub-010,src-010,sha256,ef3fad88a7ffd4ea39152f0f190db38afdeac256ddfde0ac3a1369c4744357c0,high
pub-010,src-010,sha256,81c074fa84dc8637740e77ac8b4fe1b64d7da74f1c2b8bc56d14fcbb633829cc,high
pub-010,src-010,sha256,88f8249b22062a36a7cc170ce9de943b6cd73ce7bf6625a0572b46def686baac,high
pub-010,src-010,sha256,ce371d4ab4c782ca2db441c723ceafbf05b6d6ae0234469747288dcecf2eafbc,high
pub-010,src-010,sha256,31648abf13e3e9e96ffa8ef6361473a72cc6e5e1ac170f26df558155a76cf9fb,high
pub-010,src-010,sha256,6667500156d0b0d81fb98d32794c8c50de82fc915d2a59780e9b6e1b9f78ada7,high
pub-010,src-010,sha256,d3fe939abc37519cf9968874270d356abd8b10887ce7e78a5fb1624d288f14b8,high
pub-010,src-010,md5,c901c23016390f8edb3799b5f1b98e2c,high
pub-010,src-010,md5,07b0f47e2c9fadf6bb742405b1fa712c,high
pub-010,src-010,md5,3572d45b0c17ed8c04f82065bf1a5e78,high
pub-010,src-010,md5,c5ba8159cbb49d89e0fb07b5a93c507b,high
pub-010,src-010,md5,d26bfee018dbdc10328acaf307191f43,high
pub-010,src-010,md5,c912edceb30ca0beb505f31f022690b4,high
pub-010,src-010,md5,4fd9c773b8c4683dfe0ef18c43c2f7e7,high
pub-010,src-010,md5,d38ac2b423950804939b84f744f9de41,high
pub-010,src-010,md5,b863109ee783cfa0617c7a8fd8366f32,high
pub-010,src-010,md5,d3c40297c31d14939e2781a353c8f087,high
pub-010,src-010,md5,6626cd1ffce52c4234c271e5e4e3a603,high
pub-010,src-010,md5,e0ffa7d71c70c4ef2cddf0fa8d951128,high
pub-010,src-010,md5,42ab13a5f832f542d18083839671b340,high
pub-010,src-010,md5,746d10f73f7b5d4da162337fb242eea1,high
pub-010,src-010,md5,03f58cb3eb48f6ccb593c4a1f6074555,high
pub-010,src-010,defanged_domain,premiumjeck[.]site,high
pub-010,src-010,defanged_domain,lamazone[.]site,high
pub-010,src-010,defanged_domain,polinamailserverip[.]ru,high
pub-010,src-010,defanged_domain,alegoomaster[.]com,high
pub-010,src-010,defanged_domain,azartnyjboy[.]com,high
pub-010,src-010,defanged_domain,filterfullproperty[.]ru,high
pub-010,src-010,defanged_domain,freesitucionap[.]com,high
pub-010,src-010,defanged_domain,hopentools[.]site,high
pub-010,src-010,defanged_domain,infomalilopera[.]ru,high
pub-010,src-010,defanged_domain,jkghdj2993jdjjdjd[.]ru,high
pub-010,src-010,defanged_domain,jskgdhjkdfhjdkjhd844[.]ru,high
pub-010,src-010,defanged_domain,kismamabeforyougo[.]com,high
pub-010,src-010,defanged_domain,kjhgdj99fuller[.]ru,high
pub-010,src-010,defanged_domain,maximprofile[.]net,high
pub-010,src-010,defanged_domain,prostotaknet[.]net,high
pub-010,src-010,defanged_domain,zaikaopentra-com-ug[.]online,high
pub-010,src-010,defanged_domain,zakolibal[.]online,high
pub-010,src-010,defanged_domain,zaliphone[.]com,high
pub-016,src-016,sha256,839260ac321a44da55d4e6a5130c12869066af712f71c558bd42edd56074265b,high
pub-016,src-016,sha256,4982a33e0c2858980126b8279191cb4eddd0a35f936cf3eda079526ba7c76959,high
pub-016,src-016,sha256,8d2c9c2b5af31e0e74185a82a816d3d019a0470a7ad8f5c1b40611aa1fd275cc,high
pub-016,src-016,sha256,a0e75bd0b0fa0174566029d0e50875534c2fcc5ba982bd539bdeff506cae32d3,high
pub-016,src-016,sha256,1a037da4103e38ff95cb0008a5e38fd6a8e7df5bc8e2d44e496b7a5909ddebeb,high
pub-016,src-016,sha256,dcb1e9c6b066c2169928ae64e82343a250261f198eb5d091fd7928b69ed135d3,high
pub-016,src-016,sha256,e663c1ba289d890a74e33c7e99f872c9a7b63e385a6a4af10a856d5226c9a822,high
pub-016,src-016,sha256,8863065544df546920ce6189dd3f99ab3f5d644d3d9c440667c1476174ba862b,high
pub-016,src-016,sha256,d3f50dc61d8c2be665a2d3933e2668448edc31546fea84517f8e61237c6d2e5d,high
pub-016,src-016,defanged_domain,klingxai[.]com,high
pub-016,src-016,defanged_domain,strokes[.]zapto[.]org,high
pub-016,src-016,defanged_domain,artisanaqua[.]ddnsking[.]com,high
pub-016,src-016,defanged_domain,api[.]telegram[.]org,high
pub-016,src-016,defanged_domain,zapto[.]org,high
pub-016,src-016,defanged_domain,github[.]com,high
pub-016,src-016,defanged_domain,creativepro-ai[.]com,high
pub-016,src-016,defanged_domain,boostcreatives-ai[.]com,high
pub-016,src-016,defanged_domain,creativespro-ai[.]com,high
pub-016,src-016,defanged_domain,lumaai-labs[.]com,high
pub-016,src-016,defanged_domain,klings-ai[.]com,high
pub-016,src-016,defanged_domain,luma-dream[.]com,high
pub-016,src-016,defanged_domain,quirkquestai[.]com,high
pub-016,src-016,defanged_domain,lumaai-dream[.]com,high
pub-016,src-016,defanged_domain,lumaai-lab[.]com,high
pub-016,src-016,defanged_domain,lumaaidream[.]com,high
pub-016,src-016,defanged_domain,lumaailabs[.]com,high
pub-016,src-016,defanged_domain,luma-dreamai[.]com,high
pub-016,src-016,defanged_domain,ai-kling[.]com,high
pub-016,src-016,defanged_domain,dreamai-luma[.]com,high
pub-016,src-016,defanged_domain,aisoraplus[.]com,high
pub-016,src-016,defanged_domain,canvadream-lab[.]com,high
pub-016,src-016,defanged_domain,canvadreamlab[.]com,high
pub-016,src-016,defanged_domain,adobe-express[.]com,high
pub-016,src-016,defanged_domain,canva-dreamlab[.]com,high
pub-016,src-016,defanged_domain,canvaproai[.]com,high
pub-016,src-016,defanged_domain,capcutproai[.]com,high
pub-016,src-016,defanged_domain,luma-aidream[.]com,high
pub-016,src-016,defanged_domain,luma-dreammachine[.]com,high
pub-021,src-021,sha256,b452c2da7c012eda25a1403b3313444b5eb7c2c3e25eee489f1bd256f8434735,high
pub-021,src-021,sha256,1a30d6cdb0b98feed62563be8050db55ae0156ed437701d36a7b46aabf086ede,high
pub-021,src-021,sha256,b525837273dde06b86b5f93f9aec2c29665324105b0b66f6df81884754f8080d,high
pub-021,src-021,sha256,c8f7608d4e19f6cb03680941bbd09fe969668bcb09c7ca985048a22e014dffcd,high
pub-021,src-021,sha256,603848f37ab932dccef98ee27e3c5af9221d3b6ccfe457ccf93cb572495ac325,high
pub-021,src-021,sha256,c3e5d878a30a6c46e22d1dd2089b32086c91f13f8b9c413aa84e1dbaa03b9375,high
pub-021,src-021,sha256,03f00a143b8929585c122d490b6a3895d639c17d92c2223917e3a9ca1b8d30f9,high
pub-021,src-021,md5,c91725905b273e81e9cc6983a11c8d60,high
pub-021,src-021,md5,eb7635f4836c9e0aa4c315b18b051cb5,high
pub-021,src-021,md5,4e4f2dfe143ba261fd8a18d1c4b58f2e,high
pub-021,src-021,md5,3712793d3847dd0962361aa528fa124c,high
pub-021,src-021,defanged_domain,mylingocoin[.]com,high
pub-021,src-021,defanged_domain,supportzm[.]com,high
pub-021,src-021,defanged_domain,zmsupport[.]com,high
pub-021,src-021,defanged_domain,breakdream[.]com,high
pub-021,src-021,defanged_domain,dreamdie[.]com,high
pub-026,src-026,md5,85b6659ca9e463e0750d31659f8e4cb4,high
pub-026,src-026,md5,ff8ab22ad273ff79a4c9840f0c209fe6,high
pub-026,src-026,md5,dba2f0e83ba4615a71894fd7fd1656e1,high
pub-026,src-026,md5,ab11d2d0849ad9544249bf7b77ee46fe,high
pub-028,src-028,md5,0b42f77c2478bc5bc7bde3fddfc68462,high
pub-028,src-028,md5,bd1bc987f38b1c2901819b4c211886a2,high
pub-028,src-028,md5,642e8632be32866792c7aaae0113aaa5,high
pub-028,src-028,md5,fdcc0dadabd87f8e9a776a2f34647de0,high
pub-029,src-029,md5,25a0f773cf5ad8f8324f2097f9a07ac2,high
pub-029,src-029,md5,47a709ed076df4faf13594bbd8a3505b,high
pub-032,src-032,sha256,5226ea8e0f516565ba825a1bbed10020982c16414750237068b602c5b4ac6abd,high
pub-032,src-032,sha256,c233aec7917cf34294c19dd60ff79a6e0fac5ed6f0cb57af98013c08201a7a1c,high
pub-032,src-032,sha256,66dbf939c00b09d8d22c692864b68c4a602e7a59c4b925b2e2bef57b1ad047bd,high
pub-032,src-032,sha256,dcf536edd67a98868759f4e72bcbd1f4404c70048a2a3257e77d8af06cb036ac,high
pub-032,src-032,sha256,b1ef7b267d887e34bf0242a94b38e7dc9fd5e6f8b2c5c440ce4ec98cc74642fb,high
pub-032,src-032,sha256,e622f3b743c7fc0a011b07a2e656aa2b5e50a4876721bcf1f405d582ca4cda22,high
pub-032,src-032,sha256,20ed21bfdb7aa970b12e7368eba8e26a711752f1cc5416b6fd6629d0e2a44e5d,high
pub-032,src-032,sha256,dd15ce869aa79884753e3baad19b0437075202be86268b84f3ec2303e1ecd966,high
pub-032,src-032,sha256,7e223a685d5324491bcacf3127869f9f3ec5d5100c5e7cb5af45a227e6ab4603,high
pub-033,src-033,sha256,f5b31bd394e0a3adb6bd175207b8c3ccc51850c8f2cee1149a8421736168e13e,high
pub-033,src-033,sha256,f89298933fed52511bb78f8f377979190e37367d72ccf4f3b81374a70362cc42,high
pub-033,src-033,sha256,beeea592251a0a205b3bdb34802bd2f4f5181ee38226a05ec468a86be44e9508,high
pub-033,src-033,sha256,732aa8ed8ca9a12f4bfc29a693ec3eba74ed1b2d00de4296180d91b86d09747b,high
pub-033,src-033,sha256,7035b5ba24146db537eedb1f05e6cad1775f9f5e81306f72422c03b288f75448,high
pub-033,src-033,sha256,30e26f4fd7cb0ac626950bb01e01a2c02e277727d1d3ec94286a44af262f37cf,high
pub-033,src-033,sha256,2588fdfa7417d617df2d31eddea710d0f964008abc2f4860cdff588ab9786d0a,high
pub-033,src-033,sha256,06d9d60ddbe835abc5b16911a35732cc9b56ea9425de210961a15d465823978f,high
pub-033,src-033,sha256,2d5e01cfacdf9f900b51b0539e0809f22ce1859eac0886866af35a2eb2dc2d42,high
pub-033,src-033,sha256,5200b27726c0be8e6f34a3920fbd5d40aeaec460169b1f3c7a174ebeee6553d9,high
pub-033,src-033,sha256,699e348260ae5b60cd822325f1c4bf2c793f6f25001357856c58520a9af10987,high
pub-033,src-033,sha256,d95b3eabfe9892371cb518fd6e733d2d33d2fabb2b1df4dab650a8f8e1ea8745,high
pub-033,src-033,sha256,d1b712b215612c8df5fef02b614c616a78b723bffbec6e10e32bfd0b758df41b,high
pub-033,src-033,sha256,39d771c12bd5da15d3fb63905df1e2c4c7c12b8f77c630a35b247c418950eafe,high
pub-033,src-033,sha256,4bbaf3ececd53bc4028723e87b1669268a6fadc4d480590c2d59bb4322a17de7,high
pub-033,src-033,sha256,b33e162a78b7b8e7dbbab5d1572d63814077fa524067ce79c37f52441b8bd384,high
pub-033,src-033,sha256,0c9228983fbd928ac94c057a00d744d6be4bd4c1b39d1465b7d955b7d35bf496,high
pub-033,src-033,sha256,839371cd5a5d66828ac9524182769371dede9606826ad7c22c3bb18fb2ee91cb,high
pub-033,src-033,sha256,9dab2badfdae86963b2f13ce8942fe78dd66ec497f8d82dd40c0cb5bec4fb2a7,high
pub-033,src-033,sha256,cee3f98b5f175219d025a92eddec4fd8bcaae31e6ad99321ae7c00b822063fc3,high
pub-033,src-033,sha256,a5baceb97a2be17fdd0c282292ebb0b5a56a555013a4c8fffcc2335c504780fb,high
pub-033,src-033,sha256,3fba4a0942244e9c3ad25a57a21f91b06f8732a2ca36da948ae5f0afa51dc72b,high
pub-033,src-033,sha256,557becfcc7eccaa5a7368a6d5583404af26aadede2c345d6070e6e9fab44a641,high
pub-033,src-033,sha256,1e66ebaef295c2a32245162979d167cebad1fece51b7cdb6a6c3a1d705befa6b,high
pub-033,src-033,defanged_domain,klingaimedia[.]com,high
pub-033,src-033,defanged_domain,klingxai[.]com,high
pub-033,src-033,defanged_domain,kingaitext[.]com,high
pub-033,src-033,defanged_domain,ai-kling[.]com,high
pub-033,src-033,defanged_domain,klings-ai[.]com,high
pub-033,src-033,defanged_domain,klingturbo[.]com,high
pub-033,src-033,defanged_domain,facebook[.]com,high
pub-033,src-033,defanged_domain,klingaistudio[.]com,high
pub-033,src-033,defanged_domain,klingaieditor[.]com,high
pub-033,src-033,defanged_domain,kingaimediapro[.]com,high
pub-033,src-033,defanged_domain,kingaivideotext[.]com,high
pub-033,src-033,defanged_domain,kingaiplus[.]com,high
pub-034,src-034,defanged_domain,fia-gov[.]net,high
pub-034,src-034,defanged_domain,militarytc[.]com,high
pub-036,src-036,sha256,07c39f79ab92fb21557b82283472dce1c112f577d796111fb752c3c6d84c86b5,high
pub-038,src-038,sha256,3dd226d0b700f33974f409142defb62a8cd172ae5f2eb9beb7f5750eb1702e2a,high
pub-038,src-038,sha256,c4db903322d17c8cbf1d1db55124854c0b070d6ece54162b6a4d06df24c572df,high
pub-038,src-038,sha256,5b77f83ecefa0e32ba922f61c9efff7f755ba51a010db844ca7e8ad3db28650a,high
pub-038,src-038,sha256,b3cc15c1033de79024f9cf3cd6a6a7a9b7e54a1a57d3156036f5c05f541694b7,high
pub-038,src-038,sha256,a6c1a7ce43b029a1ef4ae69b26f745440ecce8368c89f11ac999d4ed04a31572,high
pub-038,src-038,sha256,b494a0ae421afe170f6cb9de2c1193a78fbe16f627f85139676afc5d9bfe93a2,high
pub-038,src-038,sha256,4451ee8bc53ea7c148d8348bc7b82aca9977bdd31c0156dfe25c4a879a1d2190,high
pub-038,src-038,sha256,71b743c529f0b27735f7774a0903cb908edc93423b60fe9be49a3729982d0e8d,high
pub-038,src-038,md5,76ace3a6892c25512b17ed42ac2ebd05,high
pub-038,src-038,md5,2b499eb3865a7ef17264d15252b7f73e,high
pub-038,src-038,md5,e33f942cf1479ca8530a916868bad954,high
pub-038,src-038,md5,963f473f1734d8b3fbb8c9a227c06d07,high
pub-038,src-038,md5,60bfe4f378e9f5a84183ac505a032228,high
pub-038,src-038,md5,7f94ed2d5f566c12de5ebe4b5e3d8aa3,high
pub-038,src-038,md5,389447013870120775556bb4519dba97,high
pub-038,src-038,md5,50f341b24cb75f37d042d1e5f9e3e5aa,high
pub-038,src-038,md5,a26f2b97ca4e2b4b5d58933900f02131,high
pub-038,src-038,md5,6422795a6df10c45c1006f92d686ee7e,high
pub-038,src-038,md5,931cec3c80c78d233e3602a042a2e71b,high
pub-038,src-038,md5,c42c7a2ea1c2f00dddb0cc4c8bfb5bcf,high
pub-038,src-038,md5,9551b4af789b2db563f9452eaf46b6aa,high
pub-038,src-038,md5,19a7e16332a6860b65e6944f1f3c5001,high
pub-038,src-038,md5,c446682f33641cff21083ac2ce477dbe,high
pub-038,src-038,md5,e8680d17fba6425e4a9bb552fb8db2b1,high
pub-038,src-038,md5,10cd1ef394bc2a2d8d8f2558b73ac7b8,high
pub-038,src-038,md5,a070b77c5028d7a5d2895f1c9d35016f,high
pub-038,src-038,md5,38c8d80dd32d00e9c9440a498f7dd739,high
pub-038,src-038,md5,7168ce5c6e5545a5b389db09c90038da,high
pub-038,src-038,md5,261a409946b6b4d9ce706242a76134e3,high
pub-038,src-038,md5,31b88dd319af8e4b8a96fc9732ebc708,high
pub-038,src-038,md5,1ee10fa01587cec51f455ceec779a160,high
pub-038,src-038,md5,3bbe4dfe3134c8a7928d10c948e20bee,high
pub-038,src-038,md5,7581854ff6c890684823f3aed03c210f,high
pub-038,src-038,md5,01d3ed1c228f09d8e56bfbc5f5622a6c,high
pub-038,src-038,md5,5cb4f0084f3c25e640952753ed5b25d0,high
pub-038,src-038,md5,1243968876262c3ad4250e1371447b23,high
pub-038,src-038,md5,5ad40a5fd18a1b57b69c44bc2963dc6b,high
pub-038,src-038,md5,6348b49f3499d760797247b94385fda3,high
pub-038,src-038,md5,17baae144d383e4dc32f1bf69700e587,high
pub-038,src-038,md5,8f8942cd14f646f59729f83cbd4c357b,high
pub-038,src-038,md5,0af11f610da1f691e43173d44643283f,high
pub-038,src-038,md5,7e50c3f301dd045eb189ba1644ded155,high
pub-038,src-038,md5,0ca37675d75af0e7def0025cd564d6c5,high
pub-038,src-038,md5,d63805e89053716b6ab93ce6decf8450,high
pub-038,src-038,md5,e9fdd703e60b31eb803b1b59985cabec,high
pub-038,src-038,md5,f1d2af27b13cd3424556b18dfd3cf83f,high
pub-038,src-038,md5,b567bfdaac131a2d8a23ad8fd450a31d,high
pub-038,src-038,md5,00dd47af3db45548d2722fe8a4489508,high
pub-038,src-038,md5,6aa93664b4852cb5bad84ba1a187f645,high
pub-038,src-038,md5,d8529855fab4b4aa6c2b34449cb3b9fb,high
pub-038,src-038,md5,eda0525c078f5a216a977bc64e86160a,high
pub-038,src-038,md5,ab1e8693931f8c694247d96cf5a85197,high
pub-038,src-038,md5,1653d75d579872fadec1f22cf7fee3c0,high
pub-038,src-038,md5,529fe6eff1cf452680976087e2250c02,high
pub-038,src-038,md5,a0eb7e480752d494709c63aa35ccf36c,high
pub-038,src-038,md5,73d26eb56e5a3426884733c104c3f625,high
pub-038,src-038,md5,358c2969041c8be74ce478edb2ffcd19,high
pub-038,src-038,md5,2c42253ebf9a743814b9b16a89522bef,high
pub-038,src-038,md5,f1bad0efbd3bd5a4202fe740756f977a,high
pub-038,src-038,md5,a6ce961f487b4cbdfe68d0a249647c48,high
pub-038,src-038,md5,8006efb8dd703073197e5a27682b35bf,high
pub-038,src-038,md5,c6f0c8d41b9ad4f079161548d2435d80,high
pub-038,src-038,md5,f8bb2528bf35f8c11fbc4369e68c4038,high
pub-038,src-038,md5,b2e9a6412fd7c068a5d7c38d0afd946f,high
pub-038,src-038,md5,de93e85199240de761a8ba0a56f0088d,high
pub-038,src-038,defanged_domain,chkactive[.]online,high
pub-038,src-038,defanged_domain,bots[.]autoupdate[.]online,high
pub-038,src-038,defanged_domain,datatabletemplate[.]xyz,high
pub-038,src-038,defanged_domain,readysafe[.]xyz,high
pub-038,src-038,defanged_domain,safefor[.]xyz,high
pub-038,src-038,defanged_domain,signsafe[.]xyz,high
pub-038,src-038,defanged_domain,video-meeting[.]online,high
pub-038,src-038,defanged_domain,safeupload[.]online,high
pub-038,src-038,defanged_domain,filedrive[.]online,high
pub-038,src-038,defanged_domain,autoupdate[.]online,high
pub-038,src-038,defanged_domain,commoncome[.]online,high
pub-038,src-038,defanged_domain,longlastfor[.]online,high
pub-038,src-038,defanged_domain,firstfromsep[.]online,high
pub-038,src-038,defanged_domain,awaitingfor[.]online,high
pub-038,src-038,defanged_domain,instant-update[.]online,high
pub-038,src-038,defanged_domain,awaitingfor[.]site,high
pub-038,src-038,defanged_domain,security-update[.]xyz,high
pub-038,src-038,defanged_domain,real-update[.]xyz,high
pub-038,src-038,defanged_domain,chkstate[.]online,high
pub-038,src-038,defanged_domain,secondshop[.]online,high
pub-038,src-038,defanged_domain,signsafe[.]site,high
pub-038,src-038,defanged_domain,autoupdate[.]xyz,high
pub-038,src-038,defanged_domain,system-update[.]xyz,high
pub-038,src-038,defanged_domain,image-support[.]xyz,high
pub-038,src-038,defanged_domain,alwayswait[.]site,high
pub-041,src-041,defanged_domain,badnews[.]xyz,high
pub-042,src-042,sha256,1619bcad3785be31ac2fdee0ab91392d08d9392032246e42673c3cb8964d4cb7,high
pub-042,src-042,sha256,5226ea8e0f516565ba825a1bbed10020982c16414750237068b602c5b4ac6abd,high
pub-042,src-042,sha256,dcf536edd67a98868759f4e72bcbd1f4404c70048a2a3257e77d8af06cb036ac,high
pub-042,src-042,sha256,66dbf939c00b09d8d22c692864b68c4a602e7a59c4b925b2e2bef57b1ad047bd,high
pub-042,src-042,sha256,c233aec7917cf34294c19dd60ff79a6e0fac5ed6f0cb57af98013c08201a7a1c,high
pub-042,src-042,sha256,e622f3b743c7fc0a011b07a2e656aa2b5e50a4876721bcf1f405d582ca4cda22,high
pub-042,src-042,sha256,b1ef7b267d887e34bf0242a94b38e7dc9fd5e6f8b2c5c440ce4ec98cc74642fb,high
pub-042,src-042,sha256,20ed21bfdb7aa970b12e7368eba8e26a711752f1cc5416b6fd6629d0e2a44e5d,high
pub-042,src-042,sha256,dd15ce869aa79884753e3baad19b0437075202be86268b84f3ec2303e1ecd966,high
pub-042,src-042,sha256,c398b3e06ef860670b9597daed85632834fa961aea87164b8ba8bb2f094a14ef,high
pub-042,src-042,sha256,bb932056cae8940742e50b4f2b994a802e703f7bc235e7dd647d085ae2b2baf7,high
pub-042,src-042,sha256,4fb58687a364c3f6d6f7e0ca03654f9dec0f8832a499d61d40b0d424db1b1b14,high
pub-043,src-043,sha256,1b6326857fa635d396851a9031949cfdf6c806130767c399727d78a1c2a0126c,high
pub-043,src-043,sha256,02ce798981fb2aa68776e53672a24103579ca77a1d3e7f8aaeccf6166d1a9cc6,high
pub-043,src-043,sha256,7c7b7b99f248662a1f9aea1563e60f90d19b0ee95934e476c423d0bf373f6493,high
pub-043,src-043,sha256,052d5220529b6bd4b01e5e375b5dc3ffd50c4b137e242bbfb26655fd7f475ac6,high
pub-044,src-044,defanged_domain,newcli[.]com,high
pub-044,src-044,defanged_domain,deepseek[.]com,high
pub-044,src-044,defanged_domain,aliyuncs[.]com,high
pub-048,src-048,sha256,71dfbb171eca4ef9d02ff630b56e5283bbef7b375d4dbe9e8c9531bef312fa8d,high
pub-048,src-048,sha256,6b7a8e0c96c2318e747f074f9a99d26738700769ac01bba692d19fc884847737,high
pub-048,src-048,sha256,146f6010f6ee082aab13e0148d39baefa77eaba4ff65817b511b08c2092bdfd2,high
pub-048,src-048,sha256,bd6431fb06e4689142ef597cf00382e38ae20a5393a4d9277e45a3f5b3cbcff9,high
pub-048,src-048,sha256,a03b0d41f5ef03328150331ffa0ed970998883f7e0343d79b2d3b95330d8e7c1,high
pub-048,src-048,sha256,eb2fa179fde2f097c18d5d700ad87d660fc238ee14cbe5477032e60856859621,high
pub-048,src-048,sha256,a8d70d16509e227d8306be361bc37a3dc9fe34bf476f51e361e55e6d293c2b3f,high
pub-048,src-048,sha256,0f8bcca3ed65e980da2a1f90a767b7d543be32eeea3e9338d09d4d635a497988,high
pub-048,src-048,sha256,96b1f96efca3b9df2dea85678d60da27e3265b4a00e39e20e64b27bb985e1561,high
pub-048,src-048,sha256,c7a36d6b8128c41f93a32413675401a10a2b5769b221bbaa8c5c309585b73ceb,high
pub-048,src-048,sha256,246c97957651de568e61eba1abe572f0b0f960456209995d43d53a0d7cc494a1,high
pub-048,src-048,sha256,3ec016d637e4c9cd331edd2580a229621ad638e924a4aa29ac0342e9144ace19,high
pub-048,src-048,sha256,2f2c3551762c03da126e45dca6fc2f997c63f0f1bfc21fd0ceed680ac6f083ce,high
pub-048,src-048,sha256,9cd5e7e3c8bad321ef6c3d47fe25b3b56e9487f703a7eeee52db4067e6bafe61,high
pub-048,src-048,sha256,e3a5296e762e9ee16010399666441d663beeea956382e97cca032a6a5ad06811,high
pub-048,src-048,sha256,f1efb78887bb8783d7781c07cd13b53c9c79ebe5baa81f335838d0a6e73dec7e,high
pub-048,src-048,sha256,f324a45fcd2a9db4e542c09486c21b08bc42d6bf76fbd5f17871090361b10815,high
pub-048,src-048,sha256,15c17dce89deccd5172285b2650de957918aa1157cde8e4633ae15dfe31f2711,high
pub-048,src-048,sha256,511d3ffb4091cbcc94571d9fb3102e8cb424c6e187d01d53ff12078d54929bda,high
pub-048,src-048,sha256,6aa4034dc7a2858094ff4dc59af07d6fe31119591e41599bcc0f3d0b516ee734,high
pub-048,src-048,sha1,cd540bb31909440fd2bf773e6f1480f5b6f12400,high
pub-048,src-048,sha1,877b804892ab218a53420b6dfbd0a2837368d0b5,high
pub-048,src-048,sha1,b21cdc5e1b96c640a1d553ed518c49729e367823,high
pub-048,src-048,sha1,a70cea846442c18ad265f311b5ced29a4071771d,high
pub-048,src-048,sha1,69dc276dde8efcb409411508da55d4cbe28d5600,high
pub-048,src-048,sha1,adf267caab78a74c4b4dfabe7b578b0a4d639782,high
pub-048,src-048,sha1,a8fd13f6b1bdfa87c0f466df69b7e81325b5dd15,high
pub-048,src-048,sha1,befb0e4d1cd7d2b4139b55f811993af2c8839e75,high
pub-048,src-048,sha1,e0f8dd23e4fb0086feb42ea0a5dcef70d7b4d17c,high
pub-048,src-048,sha1,7ad840b1945cc346012987727ebcc062431965a4,high
pub-048,src-048,sha1,4e1483737f769e1cee80fa4d7a056a5d8e3b537e,high
pub-048,src-048,sha1,4cba585d9f208bd712b28f867f908e503ccc9cfe,high
pub-048,src-048,sha1,64af594c7f91793813e3d769e63816b143102396,high
pub-048,src-048,sha1,2774a5f5991657eb9b0062cd3da0391c9bad2643,high
pub-048,src-048,sha1,304e14a138b92135aad27bb37f4e9db440401ec2,high
pub-048,src-048,sha1,74fba0bad93bbb0e1eedb196b6efe6af1c0bf23d,high
pub-048,src-048,sha1,81670f250f4b3492fd3e00920f9fe7395ecbf85c,high
pub-048,src-048,sha1,b1cc41e2b9ddb11d0c9d03d319531fea9459cdae,high
pub-048,src-048,defanged_domain,digikalas[.]online,high
pub-048,src-048,defanged_domain,jetross[.]com,high
pub-055,src-055,md5,8fe6d620a2ec11f1892ca9ec6d1bc182,high
pub-055,src-055,md5,8fe6fc70a2ec11f1a7370f68f28e8e46,high
pub-056,src-056,sha256,ef1955ae757c8b966c83248350331bd3a30f658ced11f387f8ebf05ab3368629,high
pub-056,src-056,sha256,98df604ecc57f884a2e6ce3266a0013ad64455cac48442c2312cfa4765007aaf,high
pub-056,src-056,sha256,60db9abae75cd8ccc49dd7ea5feb41677566dcd442f12ebc5745ffd2810fb874,high
pub-056,src-056,sha256,b1f5beb1175fc5c7d1806a2f0d900eb124c54f0286c5c52b66eea7a6633adb1d,high
pub-056,src-056,sha256,1517b3caa495f6c4e832df9c75fc94667e3c233773f7fa4e056d5e30e5ead760,high
pub-056,src-056,sha1,2e4f314bc9943cab5005d6fde0b271c74d47bc9d,high
pub-056,src-056,sha1,50a87d926621dd06389ba50d86e0ff574ed713a8,high
pub-056,src-056,sha1,c5a72420e7bb308d078e62128430897f82194c95,high
pub-056,src-056,sha1,8959c4d29e29f02ea94ea8bb21c8df2594c5549d,high
pub-056,src-056,sha1,62eb76432597694edb01c1fe57aab0cfe03a7178,high
pub-056,src-056,sha1,cddf5c3be1e07f28140aed165b929bf2d614922a,high
pub-056,src-056,sha1,18b3ad442ce73cc8656d51d75bbd7c855f2cb7e8,high
pub-056,src-056,sha1,1b25041ececf2457eef0270fc1d785cec8ec9ded,high
pub-056,src-056,sha1,e4fe6466a4f9a4249fe330651e914e45bbdca44a,high
pub-056,src-056,sha1,b6b77c9a455225d525834a403ca9ef5481ed0447,high
pub-056,src-056,defanged_domain,zmailanalytics[.]com,high
pub-056,src-056,defanged_domain,zimbra-metadata[.]com,high
pub-056,src-056,defanged_domain,analyticemailmeter[.]com,high
pub-056,src-056,defanged_domain,mailnalysis[.]com,high
pub-056,src-056,defanged_domain,zimbrastat[.]com,high
pub-056,src-056,defanged_domain,istc-cloud[.]com,high
pub-056,src-056,defanged_domain,proton[.]me,high
pub-056,src-056,defanged_domain,buildandconsulting[.]com,high
pub-056,src-056,defanged_domain,pinmx[.]net,high
pub-074,src-074,sha1,de8ba9b01c9ab7cbabf5c33b80b7bbc618857627,high
pub-074,src-074,md5,3f5ee243547dee91fbd053c1c4a845aa,high
pub-074,src-074,md5,9d5609613524ecf4f15af0f7b31abca4,high
pub-074,src-074,md5,1457c0d6bfcb4967418bfb8ac142f64a,high
pub-074,src-074,md5,462211f67c7d858f663355eff93b745e,high
pub-074,src-074,md5,9d89448b63ce1e2e8dc7af72c984c196,high
pub-074,src-074,md5,65699726a3c601b9f31bf04019c8593c,high
pub-074,src-074,md5,4496bf24afe7fab6f046bf4923da8de6,high
pub-074,src-074,md5,757b505cfd34c64c85ca5b5690ee5293,high
pub-074,src-074,md5,3c44405d619a6920384a45bce876b41e,high
pub-074,src-074,md5,077e29b11be80ab57e1a2ecabb7da330,high
pub-074,src-074,md5,adf7ee2dcf142b0e11888e72b43fcb75,high
pub-074,src-074,md5,ad1f8bb9b51f023cdc80cf94bb615aa9,high
pub-074,src-074,md5,41c542dfe6e4fc3deb251d64cf6ed2e4,high
pub-074,src-074,md5,c74956ffb38ba48ed6ce977af6727275,high
pub-074,src-074,md5,294a8ed24b1ad22ec2e7efea049b8737,high
pub-074,src-074,md5,075b051ec3d22dac7b33f788da631fd4,high
pub-074,src-074,md5,c26820b8a4c1b3c2aa868d6d57e14a79,high
pub-074,src-074,md5,6b493230205f780e1bc26945df7481e5,high
pub-074,src-074,md5,61d77652c97ef636343742fc3dcf3ba9,high
pub-074,src-074,md5,b8b9c74ac526fffbeb2d39ab038d1cd7,high
pub-074,src-074,md5,9d2682367c3935defcb1f9e247a97c0d,high
pub-074,src-074,md5,d76d8deea9c19cc9aaf2237d2bf2f785,high
pub-074,src-074,ipv4,5.2.1.1,high
pub-074,src-074,ipv4,5.2.1.2,high
pub-074,src-074,ipv4,5.2.3.2,high
pub-077,src-077,sha256,86ea22f95841f79ff10391858c1f38f8a694adf625a5d7cc49e47903c55dc8a8,high
pub-077,src-077,md5,473c0737f6125ad0dff41521ab1e6331,high
pub-077,src-077,md5,cd457c3253556b2bce4482ebf86e829b,high
pub-077,src-077,defanged_domain,bien-fait[.]net,high
pub-077,src-077,defanged_domain,raw[.]githubusercontent[.]com,high
pub-077,src-077,defanged_domain,narkology[.]top,high
pub-077,src-077,defanged_domain,newsferinfo[.]com,high
pub-077,src-077,defanged_domain,continentalgames[.]top,high
pub-083,src-083,md5,48bd494ce58f83288f1fb3dacb7267e2,high
pub-086,src-086,sha256,13f0bf908679bea560806fd3c14ef581b3cadbab2ff07a6adf04d97995924707,high
pub-086,src-086,sha256,b0c9d619256fdf220fbb39945fac5a040b5e836f1eae0459b4fcbf2b451420a7,high
pub-086,src-086,sha256,bc2508708feb0ccc652494f8e28620bd871a8b6e1d26c7cdd61ab070f2594bbc,high
pub-086,src-086,sha256,ccdd8a6dc97eeba07e586f059eae7944dd767519f2c3b2233ff90d3dc4e8e3f0,high
pub-086,src-086,sha256,ff14b28408121ebe4a5d0c2f14b9dc99e987e89b56392dc214481197d4815456,high
pub-086,src-086,sha256,c9026ffc02f11204ac1eb1183376a5cee74f7897d948bdcd59c06f31de2671fa,high
pub-086,src-086,defanged_domain,security[.]flacergurad[.]com,high
pub-086,src-086,defanged_domain,security[.]flaegrudad[.]com,high
pub-086,src-086,defanged_domain,security[.]flaezguerad[.]com,high
pub-086,src-086,defanged_domain,security[.]flaezguered[.]com,high
pub-086,src-086,defanged_domain,security[.]flavregurads[.]com,high
pub-086,src-086,defanged_domain,security[.]flheregurend[.]com,high
pub-086,src-086,defanged_domain,security[.]flqaergwaard[.]com,high
pub-086,src-086,defanged_domain,security[.]flsaregursd[.]com,high
pub-086,src-086,defanged_domain,security[.]gueradflwre[.]com,high
pub-086,src-086,defanged_domain,theguardshield[.]com,high
pub-086,src-086,defanged_domain,flheregurend[.]com,high
pub-086,src-086,defanged_domain,flsaregursd[.]com,high
pub-086,src-086,defanged_domain,flaezguerad[.]com,high
pub-086,src-086,defanged_domain,flaezguered[.]com,high
pub-086,src-086,defanged_domain,flcreagurade[.]com,high
pub-086,src-086,defanged_domain,flnaresgurard[.]com,high
pub-086,src-086,defanged_domain,flaxergaurds[.]com,high
pub-086,src-086,defanged_domain,cloudwardena[.]com,high
pub-086,src-086,defanged_domain,flenieregurd[.]com,high
pub-086,src-086,defanged_domain,budparbanjarnegara[.]com,high
pub-086,src-086,defanged_domain,google[.]strike-submit[.]com,high
pub-086,src-086,defanged_domain,support-review[.]org,high
pub-086,src-086,defanged_domain,appeal[.]strike-submit[.]com,high
pub-086,src-086,defanged_domain,trust-review[.]org,high
pub-086,src-086,defanged_domain,compliance-review[.]org,high
pub-086,src-086,defanged_domain,channel-review[.]org,high
pub-086,src-086,defanged_domain,application-review[.]org,high
pub-086,src-086,defanged_domain,strike-submit[.]com,high
pub-086,src-086,defanged_domain,submit-appeal[.]com,high
pub-086,src-086,defanged_domain,tdsworkout[.]com,high
pub-086,src-086,defanged_domain,cashorix[.]xyz,high
pub-086,src-086,defanged_domain,xpoalswwkjddsljsy[.]com,high
pub-086,src-086,defanged_domain,xoiiasdpsdoasdpojas[.]com,high
pub-087,src-087,sha256,da749785033087ca5d47ee65aef2818d4ed81ef217bfd4bc07be2d0bf105b1bf,high
pub-087,src-087,sha256,71f5ce42714289658200739ce0bbe439f6ef6fe77a5f6757b1cf21200fc59af7,high
pub-087,src-087,sha256,fc779f02a40948568321d7f11b5432676e2be65f037acfed344b36cc3dac16fc,high
pub-087,src-087,sha256,4ef3a6703abc6b2b8e2cac3031c1e5b86fe8b377fde92737349ee52bd2604379,high
pub-087,src-087,sha256,feae7b2b79c533a522343ac9e1aa7f8a2cdf38691fbd333537cb15dd2ee9397e,high
pub-087,src-087,defanged_domain,gommask[.]online,high
pub-088,src-088,defanged_domain,metro-delivery[.]com,high
pub-088,src-088,defanged_domain,bolibachan[.]com,high
pub-088,src-088,defanged_domain,indscpm[.]xyz,high
pub-096,src-096,defanged_domain,stayathomeclasses[.]com,high
pub-096,src-096,defanged_domain,resource[.]infinityfreeapp[.]com,high
pub-096,src-096,defanged_domain,my5353[.]com,high
pub-096,src-096,defanged_domain,hopto[.]org,high
pub-102,src-102,defanged_domain,elevenlabs[.]io,high
pub-104,src-104,sha1,09ec44b6d3555a0397142b4308825483b479bf5a,high
pub-104,src-104,sha1,0de065d58b367ffb28ce53bc1dc023f95a6d0b89,high
pub-104,src-104,sha1,13de9fcd4e7c36d32594924975b7ef2b91614556,high
pub-104,src-104,sha1,2322964ea57312747ae9d1e918811201a0c86e9c,high
pub-104,src-104,sha1,253684ea43cb0456a6fec5728e1091ff8fcb27cf,high
pub-104,src-104,sha1,36b4e424ce8082d7606bb9f677f97c0f594f254d,high
pub-104,src-104,sha1,3a443c72995254400da30fe203f3fbf287629969,high
pub-104,src-104,sha1,3a7cc815b921166006f31c1065dadfeb8d5190e6,high
pub-104,src-104,sha1,4d24dd5c166fa471554ed781180e353e6b9642b7,high
pub-104,src-104,sha1,51ec20e5356bbebd43c03faae56fca4c3bbe318e,high
pub-104,src-104,sha1,55affc664472c4657c8534e0508636394eac8828,high
pub-104,src-104,sha1,5620b527dfc71e2ee7efb2e22a0441b60fd67b84,high
pub-104,src-104,sha1,5fde3180373c420cfa5cfdea7f227a1e1fe6936c,high
pub-104,src-104,sha1,62e66bae4b892593009d5261d898356b6d0be3ef,high
pub-104,src-104,sha1,6b65c296d9e1cda5af2f7dab94ce8e163b2a4ca8,high
pub-104,src-104,sha1,6c56b986893dd1de83151510f4b6260613c5fbb9,high
pub-104,src-104,sha1,6f342ff77cd43921210d144a403b8abb1e541a8b,high
pub-104,src-104,sha1,7129194c63ae262c814da8045879aed7a037f196,high
pub-104,src-104,sha1,71464c4f145c9a43ade999d385a9260aabcbf66d,high
pub-104,src-104,sha1,730192b0f62e37d4d57bae9ff14ec8671fbf051e,high
pub-104,src-104,sha1,769aa6ab69154ca87ccba0535e0180a985c21a0c,high
pub-104,src-104,sha1,76aab3ab0f3f16cf30d7913ff767f67a116ff1e7,high
pub-104,src-104,sha1,853fde052316be7887474996538b31f6ac0c3963,high
pub-104,src-104,sha1,9d43494c6f87414c67533cce5ec86754311631fc,high
pub-104,src-104,sha1,9f6ed2427e959e92eb1699024f457d87fa7b5279,high
pub-104,src-104,sha1,aa72065673dc543e6bf627c7479bfe8a5e42a9c4,high
pub-104,src-104,sha1,aac26242f4209bc59c82c8f223fcf2f152ce44bc,high
pub-104,src-104,sha1,b643a1f2c4eb436db26763d5e2527f6bebe8bcbf,high
pub-104,src-104,sha1,bbd754e36aee4702b9f20b90d509248945add4ea,high
pub-104,src-104,sha1,cb194612ed003eaf8d8cf6ed3731f21f3edeb161,high
pub-104,src-104,sha1,cc63ee921c29f47612096c34d6ee3ef244b33db2,high
pub-104,src-104,sha1,e12c6911997d7c2af5550b7e989f1dc57b6733b8,high
pub-104,src-104,sha1,eae675812c4274502051d6f2d36348f77a8464a0,high
pub-104,src-104,sha1,f1c7c5d0870fd0abb7e419f2c2ba8df42fa74667,high
pub-104,src-104,sha1,f2e71c9cbc4a18482a11ca3f54f2c958973360b4,high
pub-104,src-104,sha1,fb7fdcc2fe11e95065a0ce9041348984427ca0f4,high
pub-104,src-104,defanged_domain,useakira[.]com,high
pub-104,src-104,defanged_domain,akirateam[.]com,high
pub-104,src-104,defanged_domain,goservicewrap[.]com,high
pub-104,src-104,defanged_domain,servicewrap-go[.]com,high
pub-104,src-104,defanged_domain,bodis[.]com,high
pub-104,src-104,defanged_domain,servicewrapgo[.]com,high
pub-104,src-104,defanged_domain,firstpageprofs[.]com,high
pub-104,src-104,defanged_domain,getkira[.]info,high
pub-104,src-104,defanged_domain,go-servicewrap[.]com,high
pub-104,src-104,defanged_domain,gogoservicewrap[.]com,high
pub-104,src-104,defanged_domain,joinnowkira[.]org,high
pub-104,src-104,defanged_domain,joinservicewrap[.]com,high
pub-104,src-104,defanged_domain,joinuseakira[.]com,high
pub-104,src-104,defanged_domain,kiraone[.]info,high
pub-104,src-104,defanged_domain,letsgetcustomers[.]com,high
pub-104,src-104,defanged_domain,loveservice-wrap[.]com,high
pub-104,src-104,defanged_domain,mybkira[.]info,high
pub-104,src-104,defanged_domain,onlyforyoursite[.]com,high
pub-104,src-104,defanged_domain,searchengineboosters[.]com,high
pub-104,src-104,defanged_domain,service-wrap[.]com,high
pub-104,src-104,defanged_domain,servicewrapone[.]com,high
pub-104,src-104,defanged_domain,theakirateam[.]com,high
pub-104,src-104,defanged_domain,topservicewrap[.]com,high
pub-104,src-104,defanged_domain,usekiara[.]com,high
pub-104,src-104,defanged_domain,useproakira[.]com,high
pub-104,src-104,defanged_domain,usethatakira[.]com,high
pub-104,src-104,defanged_domain,wantkiara[.]info,high
pub-104,src-104,defanged_domain,wearetherealpros[.]com,high
pub-105,src-105,sha1,88d40f86eefee5112515b73cce2d2badb7f49ffd,high
pub-105,src-105,defanged_domain,abuseipdb[.]com,high
pub-106,src-106,sha256,3082156a26534377a8a8228f44620a5bb00440b37b0cf7666c63c542232260f2,high
pub-106,src-106,sha256,3afbb9fe6bab2cad83c52a3f1a12e0ce979fe260c55ab22a43c18035ff7d7f38,high
pub-106,src-106,sha256,4c73717d933f6b53c40ed1b211143df8d011800897be1ceb5d4a2af39c9d4ccc,high
pub-106,src-106,sha256,4ddbc14d8b6a301122c0ac6e22aef6340f45a3a6830bcdacf868c755a7162216,high
pub-106,src-106,sha256,68ca559bf6654c7ca96c10abb4a011af1f4da0e6d28b43186d1d48d2f936684c,high
pub-106,src-106,sha256,75b4ad99f33d1adbc0d71a9da937759e6e5788ad0f8a2c76a34690ef1c49ebf5,high
pub-106,src-106,sha256,854b559bae2ce8700edd75808267cfb5f60d61ff451f0cf8ec1d689334ac8d0b,high
pub-106,src-106,sha256,943d3537730e41e0a6fe8048885a07ea2017847558a916f88c2c9afe32851fe6,high
pub-106,src-106,sha256,b2bda70318af89b9e82751eb852ece626e2928b94ac6af6e6c7031b3d016ebd2,high
pub-106,src-106,sha256,c1a80983779d8408a9c303d403999a9aef8c2f0fe63f8b5ca658862f66f3db16,high
pub-106,src-106,sha256,c5ae843e1c7769803ca70a9d5b5574870f365fb139016134e5dd3cb1b1a65f5f,high
pub-106,src-106,sha256,c86a5fcefbf039a72bd8ad5dc70bcb67e9c005f40a7bacd2f76c793f85e9a061,high
pub-106,src-106,sha256,d1b48715ace58ee3bfb7af34066491263b885bd865863032820dccfe184614ad,high
pub-106,src-106,sha256,dc9f49044d16abfda299184af13aa88ab2c0fda9ca7999adcdbd44e3c037a8b1,high
pub-106,src-106,sha256,e88a7b9ad5d175383d466c5ad7ebd7683d60654d2fa2aca40e2c4eb9e955c927,high
pub-106,src-106,sha256,09bf891b7b35b2081d3ebca8de715da07a70151227ab55aec1da26eb769c006f,high
pub-106,src-106,sha256,1458b6dc98a878f237bfb3c3f354ea6e12d76e340cefe55d6a1c9c7eb64c9aee,high
pub-106,src-106,sha256,1612ab799df51a7f1169d3f47ea129356b42c8ad81286d05b0256f80c17d4089,high
pub-106,src-106,sha256,2755e1ec1e4c3c0cd94ebe43bd66391f05282b6020b2177ee3b939fdd33216f6,high
pub-106,src-106,sha256,7bbb06479a2e554e450beb2875ea19237068aa1055a4d56215f4e9a2317f8ce6,high
pub-106,src-106,sha256,b43e7d481c4fdc9217e17908f3a4efa351a1dab867ca902883205fe7d1aab5e7,high
pub-106,src-106,sha256,e24fe0dd0bf8d3943d9c4282f172746af6b0787539b371e6626bdb86605ccd70,high
pub-106,src-106,sha256,165eaf8183f693f644a8a24d2ec138cd4f8d9fd040e8bafc1b021a0f973692dd,high
pub-106,src-106,sha256,2eb18873273e157a7244bb165d53ea3637c76087eea84b0ab635d04417ffbe1b,high
pub-106,src-106,sha256,384e8f3d300205546fb8c9b9224011b3b3cb71adc994180ff55e1e6416f65715,high
pub-106,src-106,sha256,5ab16a59b12c7c5539d9e22a090ba6c7942fbc5ab8abbc5dffa6b6de6e0f2fc6,high
pub-106,src-106,sha256,5f6bfdd430a23afdc518857dfff25a29d85ead441dfa0ee363f4e73f240c89f4,high
pub-106,src-106,sha256,766c356d6a4b00078a0293460c5967764fcd788da8c1cd1df708695f3a15b777,high
pub-106,src-106,sha256,8013b23cb78407675f323d54b6b8dfb2a61fb40fb13309337f5b662dbd812a5d,high
pub-106,src-106,sha256,a30930dfb655aa39c571c163ada65ba4dec30600df3bf548cc48bedd0e841416,high
pub-106,src-106,sha256,a32a3751dfd4d7a0a66b7ecbd9bacb5087076377d486afdf05d3de3cb7555501,high
pub-106,src-106,sha256,a67465075c91bb15b81e1f898f2b773196d3711d8e1fb321a9d6647958be436b,high
pub-106,src-106,sha256,ae6ed1721d37477494f3f755c124d53a7dd3e24e98c20f3a1372f45cc8130989,high
pub-106,src-106,sha256,b3fcba809984eaffc5b88a1bcded28ac50e71965e61a66dd959792f7750b9e87,high
pub-106,src-106,sha256,b49aa9efd41f82b34a7811a7894f0ebf04e1d9aab0b622e0083b78f54fe8b466,high
pub-106,src-106,sha256,bb2836148527744b11671347d73ca798aca9954c6875082f9e1176d7b52b720f,high
pub-106,src-106,sha256,bdb33bbb4ea11884b15f67e5c974136e6294aa87459cdc276ac2eea85b1deaa3,high
pub-106,src-106,sha256,cf4d430d0760d59e2fa925792f9e2b62d335eaf4d664d02bff16dd1b522a462a,high
pub-106,src-106,sha256,d6af1c9f5ce407e53ec73c8e7187ed804fb4f80cf8dbd6722fc69e15e135db2e,high
pub-109,src-109,md5,f63b6b30a2e911f1b592492e12c944df,high
pub-109,src-109,md5,f63b95d0a2e911f1a1b263047dd73777,high
