publication_id,source_id,metric_type,raw_value,normalized_numeric,unit,extraction_method,confidence
pub-001,src-001,percentage,96.23%,96.23,percent,percentage_regex,medium
pub-001,src-001,percentage,90%,90,percent,percentage_regex,medium
pub-001,src-001,percentage,88.2%,88.2,percent,percentage_regex,medium
pub-003,src-003,percentage,66%,66,percent,percentage_regex,medium
pub-003,src-003,percentage,43%,43,percent,percentage_regex,medium
pub-004,src-004,percentage,25%,25,percent,percentage_regex,medium
pub-004,src-004,duration_or_dwell,15 years,15,contextual,duration_regex,medium
pub-004,src-004,blast_radius,80 countries,80,contextual,count_context_regex,medium
pub-005,src-005,financial_value,$50,50,currency,currency_regex,medium
pub-005,src-005,financial_value,$10,10,currency,currency_regex,medium
pub-005,src-005,financial_value,$15,15,currency,currency_regex,medium
pub-005,src-005,percentage,60%,60,percent,percentage_regex,medium
pub-005,src-005,percentage,50%,50,percent,percentage_regex,medium
pub-005,src-005,percentage,36%,36,percent,percentage_regex,medium
pub-005,src-005,percentage,31%,31,percent,percentage_regex,medium
pub-005,src-005,percentage,8%,8,percent,percentage_regex,medium
pub-005,src-005,percentage,8%,8,percent,percentage_regex,medium
pub-005,src-005,percentage,17 %,17,percent,percentage_regex,medium
pub-005,src-005,percentage,18%,18,percent,percentage_regex,medium
pub-005,src-005,percentage,8%,8,percent,percentage_regex,medium
pub-005,src-005,percentage,17%,17,percent,percentage_regex,medium
pub-005,src-005,percentage,8%,8,percent,percentage_regex,medium
pub-005,src-005,percentage,17%,17,percent,percentage_regex,medium
pub-005,src-005,percentage,5%,5,percent,percentage_regex,medium
pub-005,src-005,percentage,10%,10,percent,percentage_regex,medium
pub-005,src-005,percentage,4%,4,percent,percentage_regex,medium
pub-005,src-005,percentage,9%,9,percent,percentage_regex,medium
pub-005,src-005,percentage,4%,4,percent,percentage_regex,medium
pub-005,src-005,percentage,50%,50,percent,percentage_regex,medium
pub-005,src-005,percentage,58%,58,percent,percentage_regex,medium
pub-005,src-005,percentage,25%,25,percent,percentage_regex,medium
pub-005,src-005,percentage,25 %,25,percent,percentage_regex,medium
pub-005,src-005,percentage,57%,57,percent,percentage_regex,medium
pub-005,src-005,percentage,26%,26,percent,percentage_regex,medium
pub-005,src-005,percentage,17%,17,percent,percentage_regex,medium
pub-005,src-005,percentage,48%,48,percent,percentage_regex,medium
pub-005,src-005,percentage,31%,31,percent,percentage_regex,medium
pub-005,src-005,percentage,17%,17,percent,percentage_regex,medium
pub-005,src-005,percentage,4%,4,percent,percentage_regex,medium
pub-005,src-005,percentage,12%,12,percent,percentage_regex,medium
pub-005,src-005,percentage,70%,70,percent,percentage_regex,medium
pub-005,src-005,percentage,20%,20,percent,percentage_regex,medium
pub-005,src-005,percentage,19%,19,percent,percentage_regex,medium
pub-005,src-005,percentage,69%,69,percent,percentage_regex,medium
pub-005,src-005,percentage,16%,16,percent,percentage_regex,medium
pub-005,src-005,percentage,11%,11,percent,percentage_regex,medium
pub-005,src-005,percentage,16%,16,percent,percentage_regex,medium
pub-005,src-005,percentage,4%,4,percent,percentage_regex,medium
pub-005,src-005,percentage,2%,2,percent,percentage_regex,medium
pub-005,src-005,percentage,11%,11,percent,percentage_regex,medium
pub-005,src-005,percentage,4%,4,percent,percentage_regex,medium
pub-005,src-005,percentage,2%,2,percent,percentage_regex,medium
pub-005,src-005,percentage,8.5%,8.5,percent,percentage_regex,medium
pub-005,src-005,percentage,3%,3,percent,percentage_regex,medium
pub-005,src-005,percentage,2%,2,percent,percentage_regex,medium
pub-005,src-005,percentage,7%,7,percent,percentage_regex,medium
pub-005,src-005,percentage,3%,3,percent,percentage_regex,medium
pub-005,src-005,percentage,25%,25,percent,percentage_regex,medium
pub-005,src-005,percentage,5%,5,percent,percentage_regex,medium
pub-005,src-005,percentage,3%,3,percent,percentage_regex,medium
pub-005,src-005,percentage,4%,4,percent,percentage_regex,medium
pub-005,src-005,percentage,2%,2,percent,percentage_regex,medium
pub-005,src-005,percentage,60%,60,percent,percentage_regex,medium
pub-005,src-005,percentage,32%,32,percent,percentage_regex,medium
pub-005,src-005,percentage,10%,10,percent,percentage_regex,medium
pub-005,src-005,percentage,8%,8,percent,percentage_regex,medium
pub-005,src-005,percentage,44%,44,percent,percentage_regex,medium
pub-005,src-005,percentage,50%,50,percent,percentage_regex,medium
pub-005,src-005,percentage,32%,32,percent,percentage_regex,medium
pub-005,src-005,percentage,10%,10,percent,percentage_regex,medium
pub-005,src-005,percentage,20%,20,percent,percentage_regex,medium
pub-005,src-005,percentage,8%,8,percent,percentage_regex,medium
pub-005,src-005,percentage,44%,44,percent,percentage_regex,medium
pub-005,src-005,percentage,50%,50,percent,percentage_regex,medium
pub-005,src-005,percentage,20%,20,percent,percentage_regex,medium
pub-005,src-005,percentage,8%,8,percent,percentage_regex,medium
pub-005,src-005,percentage,3%,3,percent,percentage_regex,medium
pub-005,src-005,percentage,24%,24,percent,percentage_regex,medium
pub-005,src-005,percentage,8%,8,percent,percentage_regex,medium
pub-005,src-005,percentage,16%,16,percent,percentage_regex,medium
pub-005,src-005,percentage,22%,22,percent,percentage_regex,medium
pub-005,src-005,percentage,19%,19,percent,percentage_regex,medium
pub-005,src-005,percentage,24%,24,percent,percentage_regex,medium
pub-005,src-005,percentage,6%,6,percent,percentage_regex,medium
pub-005,src-005,percentage,14%,14,percent,percentage_regex,medium
pub-005,src-005,percentage,6%,6,percent,percentage_regex,medium
pub-005,src-005,percentage,50%,50,percent,percentage_regex,medium
pub-005,src-005,percentage,10%,10,percent,percentage_regex,medium
pub-005,src-005,percentage,6%,6,percent,percentage_regex,medium
pub-005,src-005,percentage,9%,9,percent,percentage_regex,medium
pub-005,src-005,percentage,3%,3,percent,percentage_regex,medium
pub-005,src-005,percentage,9%,9,percent,percentage_regex,medium
pub-005,src-005,percentage,3%,3,percent,percentage_regex,medium
pub-005,src-005,percentage,8%,8,percent,percentage_regex,medium
pub-005,src-005,percentage,2%,2,percent,percentage_regex,medium
pub-005,src-005,percentage,17%,17,percent,percentage_regex,medium
pub-005,src-005,percentage,7%,7,percent,percentage_regex,medium
pub-005,src-005,percentage,1%,1,percent,percentage_regex,medium
pub-005,src-005,percentage,22 %,22,percent,percentage_regex,medium
pub-005,src-005,percentage,53%,53,percent,percentage_regex,medium
pub-005,src-005,duration_or_dwell,2024 YEAR,2024,contextual,duration_regex,medium
pub-005,src-005,duration_or_dwell,2024 YEAR,2024,contextual,duration_regex,medium
pub-005,src-005,duration_or_dwell,2024 YEAR,2024,contextual,duration_regex,medium
pub-005,src-005,duration_or_dwell,2024 YEAR,2024,contextual,duration_regex,medium
pub-005,src-005,duration_or_dwell,2024 YEAR,2024,contextual,duration_regex,medium
pub-005,src-005,duration_or_dwell,2024 YEAR,2024,contextual,duration_regex,medium
pub-005,src-005,duration_or_dwell,2024 YEAR,2024,contextual,duration_regex,medium
pub-005,src-005,duration_or_dwell,2024 YEAR,2024,contextual,duration_regex,medium
pub-005,src-005,duration_or_dwell,2024 YEAR,2024,contextual,duration_regex,medium
pub-005,src-005,duration_or_dwell,2024 YEAR,2024,contextual,duration_regex,medium
pub-005,src-005,duration_or_dwell,2024 YEAR,2024,contextual,duration_regex,medium
pub-005,src-005,duration_or_dwell,2024 YEAR,2024,contextual,duration_regex,medium
pub-005,src-005,duration_or_dwell,2024 YEAR,2024,contextual,duration_regex,medium
pub-005,src-005,duration_or_dwell,2024 YEAR,2024,contextual,duration_regex,medium
pub-005,src-005,duration_or_dwell,2024 YEAR,2024,contextual,duration_regex,medium
pub-005,src-005,duration_or_dwell,2024 YEAR,2024,contextual,duration_regex,medium
pub-005,src-005,duration_or_dwell,2024 YEAR,2024,contextual,duration_regex,medium
pub-005,src-005,duration_or_dwell,2024 YEAR,2024,contextual,duration_regex,medium
pub-005,src-005,duration_or_dwell,2024 YEAR,2024,contextual,duration_regex,medium
pub-005,src-005,duration_or_dwell,2024 YEAR,2024,contextual,duration_regex,medium
pub-005,src-005,duration_or_dwell,2024 YEAR,2024,contextual,duration_regex,medium
pub-005,src-005,duration_or_dwell,2024 YEAR,2024,contextual,duration_regex,medium
pub-005,src-005,duration_or_dwell,2024 YEAR,2024,contextual,duration_regex,medium
pub-005,src-005,duration_or_dwell,2024 YEAR,2024,contextual,duration_regex,medium
pub-005,src-005,blast_radius,5 Email,5,contextual,count_context_regex,medium
pub-005,src-005,blast_radius,193 countries,193,contextual,count_context_regex,medium
pub-005,src-005,blast_radius,193 countries,193,contextual,count_context_regex,medium
pub-005,src-005,blast_radius,50 users,50,contextual,count_context_regex,medium
pub-005,src-005,blast_radius,499 users,499,contextual,count_context_regex,medium
pub-005,src-005,blast_radius,"more than 100,000 users",100000,contextual,count_context_regex,medium
pub-005,src-005,blast_radius,2024 systems,2024,contextual,count_context_regex,medium
pub-006,src-006,percentage,0.0%,0.0,percent,percentage_regex,medium
pub-006,src-006,percentage,100%,100,percent,percentage_regex,medium
pub-006,src-006,duration_or_dwell,30 seconds,30,contextual,duration_regex,medium
pub-006,src-006,duration_or_dwell,15 minutes,15,contextual,duration_regex,medium
pub-006,src-006,duration_or_dwell,84500 seconds,84500,contextual,duration_regex,medium
pub-006,src-006,blast_radius,54 targets,54,contextual,count_context_regex,medium
pub-006,src-006,blast_radius,"over 1,300 users",1300,contextual,count_context_regex,medium
pub-007,src-007,blast_radius,0995 targets,0995,contextual,count_context_regex,medium
pub-008,src-008,financial_value,$15M,15,currency,currency_regex,medium
pub-008,src-008,percentage,86%,86,percent,percentage_regex,medium
pub-008,src-008,percentage,65%,65,percent,percentage_regex,medium
pub-008,src-008,percentage,22%,22,percent,percentage_regex,medium
pub-008,src-008,percentage,2%,2,percent,percentage_regex,medium
pub-008,src-008,percentage,50%,50,percent,percentage_regex,medium
pub-008,src-008,percentage,74%,74,percent,percentage_regex,medium
pub-008,src-008,percentage,40%,40,percent,percentage_regex,medium
pub-008,src-008,percentage,23%,23,percent,percentage_regex,medium
pub-008,src-008,percentage,65%,65,percent,percentage_regex,medium
pub-008,src-008,percentage,23%,23,percent,percentage_regex,medium
pub-008,src-008,percentage,25%,25,percent,percentage_regex,medium
pub-008,src-008,percentage,25%,25,percent,percentage_regex,medium
pub-008,src-008,percentage,47%,47,percent,percentage_regex,medium
pub-008,src-008,percentage,73%,73,percent,percentage_regex,medium
pub-008,src-008,percentage,52%,52,percent,percentage_regex,medium
pub-008,src-008,percentage,88%,88,percent,percentage_regex,medium
pub-008,src-008,percentage,88%,88,percent,percentage_regex,medium
pub-008,src-008,percentage,49%,49,percent,percentage_regex,medium
pub-008,src-008,percentage,58%,58,percent,percentage_regex,medium
pub-008,src-008,percentage,7%,7,percent,percentage_regex,medium
pub-008,src-008,percentage,24%,24,percent,percentage_regex,medium
pub-008,src-008,percentage,20%,20,percent,percentage_regex,medium
pub-008,src-008,percentage,84%,84,percent,percentage_regex,medium
pub-008,src-008,percentage,66%,66,percent,percentage_regex,medium
pub-008,src-008,percentage,7%,7,percent,percentage_regex,medium
pub-008,src-008,percentage,1%,1,percent,percentage_regex,medium
pub-008,src-008,percentage,6.5%,6.5,percent,percentage_regex,medium
pub-008,src-008,percentage,6.5%,6.5,percent,percentage_regex,medium
pub-008,src-008,percentage,10%,10,percent,percentage_regex,medium
pub-008,src-008,percentage,15%,15,percent,percentage_regex,medium
pub-008,src-008,percentage,100%,100,percent,percentage_regex,medium
pub-008,src-008,percentage,80%,80,percent,percentage_regex,medium
pub-008,src-008,percentage,50%,50,percent,percentage_regex,medium
pub-008,src-008,percentage,40%,40,percent,percentage_regex,medium
pub-008,src-008,percentage,80%,80,percent,percentage_regex,medium
pub-008,src-008,percentage,40%,40,percent,percentage_regex,medium
pub-008,src-008,percentage,50%,50,percent,percentage_regex,medium
pub-008,src-008,percentage,50%,50,percent,percentage_regex,medium
pub-008,src-008,percentage,2%,2,percent,percentage_regex,medium
pub-008,src-008,percentage,3%,3,percent,percentage_regex,medium
pub-008,src-008,percentage,2%,2,percent,percentage_regex,medium
pub-008,src-008,percentage,3%,3,percent,percentage_regex,medium
pub-008,src-008,percentage,97%,97,percent,percentage_regex,medium
pub-008,src-008,percentage,74%,74,percent,percentage_regex,medium
pub-008,src-008,percentage,74%,74,percent,percentage_regex,medium
pub-008,src-008,percentage,50%,50,percent,percentage_regex,medium
pub-008,src-008,percentage,42%,42,percent,percentage_regex,medium
pub-008,src-008,percentage,31%,31,percent,percentage_regex,medium
pub-008,src-008,percentage,90%,90,percent,percentage_regex,medium
pub-008,src-008,percentage,40%,40,percent,percentage_regex,medium
pub-008,src-008,percentage,40%,40,percent,percentage_regex,medium
pub-008,src-008,duration_or_dwell,58 days,58,contextual,duration_regex,medium
pub-008,src-008,duration_or_dwell,58 days,58,contextual,duration_regex,medium
pub-008,src-008,duration_or_dwell,58 days,58,contextual,duration_regex,medium
pub-008,src-008,duration_or_dwell,57 days,57,contextual,duration_regex,medium
pub-008,src-008,duration_or_dwell,64 days,64,contextual,duration_regex,medium
pub-008,src-008,duration_or_dwell,24 hours,24,contextual,duration_regex,medium
pub-008,src-008,blast_radius,5 domains,5,contextual,count_context_regex,medium
pub-009,src-009,percentage,38%,38,percent,percentage_regex,medium
pub-009,src-009,percentage,60%,60,percent,percentage_regex,medium
pub-009,src-009,percentage,80%,80,percent,percentage_regex,medium
pub-011,src-011,duration_or_dwell,30 minutes,30,contextual,duration_regex,medium
pub-012,src-012,percentage,30%,30,percent,percentage_regex,medium
pub-012,src-012,percentage,40%,40,percent,percentage_regex,medium
pub-012,src-012,blast_radius,more than 20 countries,20,contextual,count_context_regex,medium
pub-012,src-012,blast_radius,13 countries,13,contextual,count_context_regex,medium
pub-013,src-013,percentage,47%,47,percent,percentage_regex,medium
pub-013,src-013,percentage,2%,2,percent,percentage_regex,medium
pub-013,src-013,percentage,23%,23,percent,percentage_regex,medium
pub-013,src-013,percentage,28%,28,percent,percentage_regex,medium
pub-013,src-013,percentage,49%,49,percent,percentage_regex,medium
pub-013,src-013,percentage,1%,1,percent,percentage_regex,medium
pub-013,src-013,percentage,30%,30,percent,percentage_regex,medium
pub-013,src-013,percentage,21%,21,percent,percentage_regex,medium
pub-013,src-013,percentage,46%,46,percent,percentage_regex,medium
pub-013,src-013,percentage,3%,3,percent,percentage_regex,medium
pub-013,src-013,percentage,4%,4,percent,percentage_regex,medium
pub-013,src-013,percentage,47%,47,percent,percentage_regex,medium
pub-013,src-013,blast_radius,400 systems,400,contextual,count_context_regex,medium
pub-013,src-013,blast_radius,about 900 users,900,contextual,count_context_regex,medium
pub-013,src-013,blast_radius,900 users,900,contextual,count_context_regex,medium
pub-013,src-013,blast_radius,120 users,120,contextual,count_context_regex,medium
pub-014,src-014,financial_value,$200 million,200,currency,currency_regex,medium
pub-022,src-022,financial_value,"$150,",150,currency,currency_regex,medium
pub-022,src-022,percentage,42%,42,percent,percentage_regex,medium
pub-022,src-022,percentage,16.7%,16.7,percent,percentage_regex,medium
pub-022,src-022,percentage,500%,500,percent,percentage_regex,medium
pub-022,src-022,percentage,37%,37,percent,percentage_regex,medium
pub-022,src-022,percentage,70%,70,percent,percentage_regex,medium
pub-022,src-022,percentage,39%,39,percent,percentage_regex,medium
pub-022,src-022,percentage,16.7%,16.7,percent,percentage_regex,medium
pub-022,src-022,percentage,16.71%,16.71,percent,percentage_regex,medium
pub-022,src-022,percentage,49%,49,percent,percentage_regex,medium
pub-022,src-022,percentage,1%,1,percent,percentage_regex,medium
pub-022,src-022,percentage,1.6%,1.6,percent,percentage_regex,medium
pub-022,src-022,percentage,50%,50,percent,percentage_regex,medium
pub-022,src-022,percentage,2.5%,2.5,percent,percentage_regex,medium
pub-022,src-022,percentage,42%,42,percent,percentage_regex,medium
pub-022,src-022,percentage,50%,50,percent,percentage_regex,medium
pub-022,src-022,percentage,20%,20,percent,percentage_regex,medium
pub-022,src-022,percentage,20%,20,percent,percentage_regex,medium
pub-022,src-022,percentage,19%,19,percent,percentage_regex,medium
pub-022,src-022,percentage,13%,13,percent,percentage_regex,medium
pub-022,src-022,percentage,12%,12,percent,percentage_regex,medium
pub-022,src-022,percentage,12%,12,percent,percentage_regex,medium
pub-022,src-022,percentage,26%,26,percent,percentage_regex,medium
pub-022,src-022,percentage,16%,16,percent,percentage_regex,medium
pub-022,src-022,percentage,12%,12,percent,percentage_regex,medium
pub-022,src-022,percentage,12%,12,percent,percentage_regex,medium
pub-022,src-022,percentage,12%,12,percent,percentage_regex,medium
pub-022,src-022,percentage,500%,500,percent,percentage_regex,medium
pub-022,src-022,percentage,60%,60,percent,percentage_regex,medium
pub-022,src-022,percentage,39%,39,percent,percentage_regex,medium
pub-022,src-022,percentage,27%,27,percent,percentage_regex,medium
pub-022,src-022,percentage,55%,55,percent,percentage_regex,medium
pub-022,src-022,percentage,32%,32,percent,percentage_regex,medium
pub-022,src-022,percentage,30%,30,percent,percentage_regex,medium
pub-022,src-022,percentage,26.7%,26.7,percent,percentage_regex,medium
pub-022,src-022,percentage,42%,42,percent,percentage_regex,medium
pub-022,src-022,percentage,26%,26,percent,percentage_regex,medium
pub-022,src-022,percentage,20%,20,percent,percentage_regex,medium
pub-022,src-022,percentage,11%,11,percent,percentage_regex,medium
pub-022,src-022,percentage,11.1%,11.1,percent,percentage_regex,medium
pub-022,src-022,percentage,11.6%,11.6,percent,percentage_regex,medium
pub-022,src-022,percentage,20.2%,20.2,percent,percentage_regex,medium
pub-022,src-022,percentage,42.4%,42.4,percent,percentage_regex,medium
pub-022,src-022,percentage,26.3%,26.3,percent,percentage_regex,medium
pub-022,src-022,percentage,8%,8,percent,percentage_regex,medium
pub-022,src-022,percentage,18.4%,18.4,percent,percentage_regex,medium
pub-022,src-022,percentage,10.5%,10.5,percent,percentage_regex,medium
pub-022,src-022,percentage,3.2%,3.2,percent,percentage_regex,medium
pub-022,src-022,percentage,2.1%,2.1,percent,percentage_regex,medium
pub-022,src-022,percentage,0.9%,0.9,percent,percentage_regex,medium
pub-022,src-022,percentage,20%,20,percent,percentage_regex,medium
pub-022,src-022,percentage,88%,88,percent,percentage_regex,medium
pub-022,src-022,percentage,3.3%,3.3,percent,percentage_regex,medium
pub-022,src-022,percentage,1.2%,1.2,percent,percentage_regex,medium
pub-022,src-022,percentage,3.5%,3.5,percent,percentage_regex,medium
pub-022,src-022,percentage,25.3%,25.3,percent,percentage_regex,medium
pub-022,src-022,percentage,6.1%,6.1,percent,percentage_regex,medium
pub-022,src-022,percentage,6.8%,6.8,percent,percentage_regex,medium
pub-022,src-022,percentage,7.9%,7.9,percent,percentage_regex,medium
pub-022,src-022,percentage,8.4%,8.4,percent,percentage_regex,medium
pub-022,src-022,percentage,14.7%,14.7,percent,percentage_regex,medium
pub-022,src-022,percentage,10.6%,10.6,percent,percentage_regex,medium
pub-022,src-022,percentage,12.3%,12.3,percent,percentage_regex,medium
pub-022,src-022,percentage,25.3%,25.3,percent,percentage_regex,medium
pub-022,src-022,percentage,70%,70,percent,percentage_regex,medium
pub-022,src-022,percentage,20%,20,percent,percentage_regex,medium
pub-022,src-022,percentage,21%,21,percent,percentage_regex,medium
pub-022,src-022,percentage,26%,26,percent,percentage_regex,medium
pub-022,src-022,percentage,18%,18,percent,percentage_regex,medium
pub-022,src-022,percentage,10%,10,percent,percentage_regex,medium
pub-022,src-022,percentage,12%,12,percent,percentage_regex,medium
pub-022,src-022,percentage,13%,13,percent,percentage_regex,medium
pub-022,src-022,percentage,61%,61,percent,percentage_regex,medium
pub-022,src-022,percentage,6%,6,percent,percentage_regex,medium
pub-022,src-022,percentage,5%,5,percent,percentage_regex,medium
pub-022,src-022,percentage,13%,13,percent,percentage_regex,medium
pub-022,src-022,percentage,12%,12,percent,percentage_regex,medium
pub-022,src-022,percentage,8%,8,percent,percentage_regex,medium
pub-022,src-022,percentage,4%,4,percent,percentage_regex,medium
pub-022,src-022,percentage,37%,37,percent,percentage_regex,medium
pub-022,src-022,percentage,17%,17,percent,percentage_regex,medium
pub-022,src-022,percentage,11%,11,percent,percentage_regex,medium
pub-022,src-022,percentage,9%,9,percent,percentage_regex,medium
pub-022,src-022,percentage,9%,9,percent,percentage_regex,medium
pub-022,src-022,percentage,11%,11,percent,percentage_regex,medium
pub-022,src-022,percentage,60%,60,percent,percentage_regex,medium
pub-022,src-022,percentage,61%,61,percent,percentage_regex,medium
pub-022,src-022,percentage,32%,32,percent,percentage_regex,medium
pub-022,src-022,percentage,30%,30,percent,percentage_regex,medium
pub-022,src-022,percentage,21%,21,percent,percentage_regex,medium
pub-022,src-022,percentage,18%,18,percent,percentage_regex,medium
pub-022,src-022,percentage,13%,13,percent,percentage_regex,medium
pub-022,src-022,percentage,12%,12,percent,percentage_regex,medium
pub-022,src-022,percentage,10%,10,percent,percentage_regex,medium
pub-022,src-022,percentage,20%,20,percent,percentage_regex,medium
pub-022,src-022,percentage,14%,14,percent,percentage_regex,medium
pub-022,src-022,blast_radius,"2024, organizations",2024,contextual,count_context_regex,medium
pub-023,src-023,percentage,52%,52,percent,percentage_regex,medium
pub-023,src-023,percentage,200%,200,percent,percentage_regex,medium
pub-023,src-023,percentage,200%,200,percent,percentage_regex,medium
pub-023,src-023,percentage,51%,51,percent,percentage_regex,medium
pub-023,src-023,percentage,200%,200,percent,percentage_regex,medium
pub-023,src-023,percentage,200%,200,percent,percentage_regex,medium
pub-023,src-023,percentage,219%,219,percent,percentage_regex,medium
pub-023,src-023,percentage,95%,95,percent,percentage_regex,medium
pub-023,src-023,percentage,100%,100,percent,percentage_regex,medium
pub-023,src-080,percentage,200%,200,percent,percentage_regex,medium
pub-032,src-032,financial_value,"$10,000,",10000,currency,currency_regex,medium
pub-032,src-032,blast_radius,over 85 victims,85,contextual,count_context_regex,medium
pub-034,src-034,percentage,33%,33,percent,percentage_regex,medium
pub-034,src-034,percentage,51%,51,percent,percentage_regex,medium
pub-034,src-034,percentage,1.25%,1.25,percent,percentage_regex,medium
pub-034,src-034,percentage,7.5%,7.5,percent,percentage_regex,medium
pub-034,src-034,percentage,37%,37,percent,percentage_regex,medium
pub-034,src-034,percentage,27%,27,percent,percentage_regex,medium
pub-034,src-034,percentage,25%,25,percent,percentage_regex,medium
pub-034,src-034,percentage,18%,18,percent,percentage_regex,medium
pub-034,src-034,percentage,11%,11,percent,percentage_regex,medium
pub-034,src-034,percentage,21%,21,percent,percentage_regex,medium
pub-034,src-034,percentage,8%,8,percent,percentage_regex,medium
pub-035,src-035,blast_radius,11 systems,11,contextual,count_context_regex,medium
pub-038,src-038,campaign_or_intrusion_duration,2025 minute,2025,contextual,duration_regex,medium
pub-038,src-038,duration_or_dwell,30 seconds,30,contextual,duration_regex,medium
pub-040,src-040,percentage,36%,36,percent,percentage_regex,medium
pub-040,src-040,percentage,66%,66,percent,percentage_regex,medium
pub-040,src-040,percentage,23%,23,percent,percentage_regex,medium
pub-040,src-040,percentage,45%,45,percent,percentage_regex,medium
pub-040,src-040,percentage,23%,23,percent,percentage_regex,medium
pub-040,src-040,percentage,65%,65,percent,percentage_regex,medium
pub-040,src-040,percentage,36%,36,percent,percentage_regex,medium
pub-040,src-040,percentage,35%,35,percent,percentage_regex,medium
pub-040,src-040,percentage,60%,60,percent,percentage_regex,medium
pub-040,src-040,percentage,60%,60,percent,percentage_regex,medium
pub-040,src-040,percentage,73%,73,percent,percentage_regex,medium
pub-040,src-040,percentage,27%,27,percent,percentage_regex,medium
pub-040,src-040,duration_or_dwell,40 minutes,40,contextual,duration_regex,medium
pub-040,src-040,campaign_or_intrusion_duration,40 minutes,40,contextual,duration_regex,medium
pub-040,src-040,duration_or_dwell,90 minutes,90,contextual,duration_regex,medium
pub-040,src-040,blast_radius,2000 companies,2000,contextual,count_context_regex,medium
pub-041,src-041,duration_or_dwell,30 days,30,contextual,duration_regex,medium
pub-041,src-041,duration_or_dwell,60 days,60,contextual,duration_regex,medium
pub-042,src-042,percentage,97%,97,percent,percentage_regex,medium
pub-042,src-042,percentage,3.0%,3.0,percent,percentage_regex,medium
pub-042,src-042,percentage,4%,4,percent,percentage_regex,medium
pub-042,src-042,percentage,100%,100,percent,percentage_regex,medium
pub-042,src-042,percentage,97%,97,percent,percentage_regex,medium
pub-042,src-042,percentage,97%,97,percent,percentage_regex,medium
pub-042,src-042,percentage,3%,3,percent,percentage_regex,medium
pub-042,src-042,blast_radius,405 samples,405,contextual,count_context_regex,medium
pub-042,src-042,blast_radius,12 samples,12,contextual,count_context_regex,medium
pub-042,src-042,blast_radius,more than 50 organizations,50,contextual,count_context_regex,medium
pub-042,src-042,blast_radius,"over 6,500 endpoint",6500,contextual,count_context_regex,medium
pub-042,src-042,blast_radius,more than 50 organizations,50,contextual,count_context_regex,medium
pub-042,src-042,blast_radius,1062 Targets,1062,contextual,count_context_regex,medium
pub-043,src-043,percentage,100%,100,percent,percentage_regex,medium
pub-043,src-043,percentage,100 %,100,percent,percentage_regex,medium
pub-043,src-043,duration_or_dwell,5 seconds,5,contextual,duration_regex,medium
pub-043,src-043,duration_or_dwell,2 seconds,2,contextual,duration_regex,medium
pub-044,src-044,blast_radius,over 460 targets,460,contextual,count_context_regex,medium
pub-044,src-044,blast_radius,100 systems,100,contextual,count_context_regex,medium
pub-045,src-045,percentage,99.4%,99.4,percent,percentage_regex,medium
pub-045,src-045,percentage,40%,40,percent,percentage_regex,medium
pub-045,src-045,percentage,4.0%,4.0,percent,percentage_regex,medium
pub-045,src-045,percentage,8.0%,8.0,percent,percentage_regex,medium
pub-045,src-045,percentage,92%,92,percent,percentage_regex,medium
pub-045,src-045,percentage,92%,92,percent,percentage_regex,medium
pub-045,src-045,percentage,28.6%,28.6,percent,percentage_regex,medium
pub-045,src-045,percentage,39.7%,39.7,percent,percentage_regex,medium
pub-045,src-045,duration_or_dwell,55 days,55,contextual,duration_regex,medium
pub-045,src-045,duration_or_dwell,8 weeks,8,contextual,duration_regex,medium
pub-046,src-046,percentage,70%,70,percent,percentage_regex,medium
pub-046,src-046,percentage,16%,16,percent,percentage_regex,medium
pub-046,src-046,percentage,40%,40,percent,percentage_regex,medium
pub-046,src-046,percentage,30%,30,percent,percentage_regex,medium
pub-046,src-046,percentage,11%,11,percent,percentage_regex,medium
pub-046,src-046,duration_or_dwell,60 seconds,60,contextual,duration_regex,medium
pub-046,src-046,duration_or_dwell,10 seconds,10,contextual,duration_regex,medium
pub-047,src-047,percentage,36%,36,percent,percentage_regex,medium
pub-048,src-048,percentage,70%,70,percent,percentage_regex,medium
pub-048,src-048,percentage,5%,5,percent,percentage_regex,medium
pub-048,src-048,duration_or_dwell,10 seconds,10,contextual,duration_regex,medium
pub-048,src-048,duration_or_dwell,5 seconds,5,contextual,duration_regex,medium
pub-048,src-048,blast_radius,17 target,17,contextual,count_context_regex,medium
pub-048,src-048,blast_radius,20 domains,20,contextual,count_context_regex,medium
pub-048,src-048,blast_radius,approximately 92 individual,92,contextual,count_context_regex,medium
pub-048,src-048,blast_radius,20 system,20,contextual,count_context_regex,medium
pub-048,src-048,blast_radius,17 targets,17,contextual,count_context_regex,medium
pub-048,src-048,blast_radius,20 domains,20,contextual,count_context_regex,medium
pub-048,src-048,blast_radius,9 samples,9,contextual,count_context_regex,medium
pub-048,src-048,blast_radius,82 samples,82,contextual,count_context_regex,medium
pub-049,src-049,percentage,90%,90,percent,percentage_regex,medium
pub-049,src-049,duration_or_dwell,4 hours,4,contextual,duration_regex,medium
pub-049,src-049,duration_or_dwell,10 minutes,10,contextual,duration_regex,medium
pub-049,src-049,campaign_or_intrusion_duration,6 hours,6,contextual,duration_regex,medium
pub-049,src-049,campaign_or_intrusion_duration,20 minutes,20,contextual,duration_regex,medium
pub-049,src-053,percentage,90%,90,percent,percentage_regex,medium
pub-050,src-050,percentage,67.3%,67.3,percent,percentage_regex,medium
pub-050,src-050,percentage,6.5%,6.5,percent,percentage_regex,medium
pub-050,src-050,percentage,33%,33,percent,percentage_regex,medium
pub-050,src-050,percentage,56%,56,percent,percentage_regex,medium
pub-050,src-050,percentage,8.9%,8.9,percent,percentage_regex,medium
pub-050,src-050,percentage,8.6%,8.6,percent,percentage_regex,medium
pub-050,src-050,blast_radius,832 accounts,832,contextual,count_context_regex,medium
pub-050,src-050,blast_radius,832 accounts,832,contextual,count_context_regex,medium
pub-052,src-052,financial_value,"$500,000.",500000.,currency,currency_regex,medium
pub-052,src-052,financial_value,$400,400,currency,currency_regex,medium
pub-052,src-052,financial_value,$1200,1200,currency,currency_regex,medium
pub-054,src-054,percentage,33%,33,percent,percentage_regex,medium
pub-054,src-054,percentage,56%,56,percent,percentage_regex,medium
pub-054,src-054,percentage,33%,33,percent,percentage_regex,medium
pub-054,src-054,percentage,56%,56,percent,percentage_regex,medium
pub-054,src-054,percentage,69%,69,percent,percentage_regex,medium
pub-054,src-054,percentage,64.7%,64.7,percent,percentage_regex,medium
pub-054,src-054,percentage,55.9%,55.9,percent,percentage_regex,medium
pub-054,src-054,percentage,54.9%,54.9,percent,percentage_regex,medium
pub-054,src-054,percentage,6.5%,6.5,percent,percentage_regex,medium
pub-054,src-054,percentage,22.5%,22.5,percent,percentage_regex,medium
pub-054,src-054,percentage,8.9%,8.9,percent,percentage_regex,medium
pub-054,src-054,percentage,6.2%,6.2,percent,percentage_regex,medium
pub-054,src-054,percentage,12%,12,percent,percentage_regex,medium
pub-054,src-054,percentage,8.6%,8.6,percent,percentage_regex,medium
pub-054,src-054,percentage,84.4%,84.4,percent,percentage_regex,medium
pub-054,src-054,percentage,64.7%,64.7,percent,percentage_regex,medium
pub-054,src-054,percentage,54.8%,54.8,percent,percentage_regex,medium
pub-054,src-054,percentage,30.3%,30.3,percent,percentage_regex,medium
pub-054,src-054,percentage,2.8%,2.8,percent,percentage_regex,medium
pub-054,src-054,percentage,2.8%,2.8,percent,percentage_regex,medium
pub-054,src-054,percentage,2.4%,2.4,percent,percentage_regex,medium
pub-054,src-054,percentage,0.7%,0.7,percent,percentage_regex,medium
pub-054,src-054,percentage,8.7%,8.7,percent,percentage_regex,medium
pub-054,src-054,percentage,80%,80,percent,percentage_regex,medium
pub-054,src-054,percentage,33.5%,33.5,percent,percentage_regex,medium
pub-054,src-054,percentage,56.1%,56.1,percent,percentage_regex,medium
pub-054,src-054,percentage,8.9%,8.9,percent,percentage_regex,medium
pub-054,src-054,percentage,6.2%,6.2,percent,percentage_regex,medium
pub-054,src-054,percentage,99%,99,percent,percentage_regex,medium
pub-054,src-054,duration_or_dwell,11 months,11,contextual,duration_regex,medium
pub-054,src-054,duration_or_dwell,12 months,12,contextual,duration_regex,medium
pub-054,src-054,blast_radius,832 accounts,832,contextual,count_context_regex,medium
pub-054,src-054,blast_radius,832 accounts,832,contextual,count_context_regex,medium
pub-054,src-054,blast_radius,832 accounts,832,contextual,count_context_regex,medium
pub-055,src-055,percentage,100%,100,percent,percentage_regex,medium
pub-055,src-055,percentage,20%,20,percent,percentage_regex,medium
pub-055,src-055,percentage,20%,20,percent,percentage_regex,medium
pub-056,src-056,duration_or_dwell,90 days,90,contextual,duration_regex,medium
pub-056,src-056,duration_or_dwell,90 days,90,contextual,duration_regex,medium
pub-056,src-056,duration_or_dwell,60 days,60,contextual,duration_regex,medium
pub-056,src-056,duration_or_dwell,60 seconds,60,contextual,duration_regex,medium
pub-056,src-056,blast_radius,"1035, Domain",1035,contextual,count_context_regex,medium
pub-058,src-058,percentage,55%,55,percent,percentage_regex,medium
pub-058,src-058,percentage,86%,86,percent,percentage_regex,medium
pub-058,src-058,percentage,75%,75,percent,percentage_regex,medium
pub-058,src-058,percentage,60%,60,percent,percentage_regex,medium
pub-058,src-058,percentage,70%,70,percent,percentage_regex,medium
pub-058,src-058,percentage,27%,27,percent,percentage_regex,medium
pub-058,src-058,percentage,55%,55,percent,percentage_regex,medium
pub-058,src-058,percentage,86%,86,percent,percentage_regex,medium
pub-058,src-058,percentage,14%,14,percent,percentage_regex,medium
pub-058,src-058,percentage,86%,86,percent,percentage_regex,medium
pub-058,src-058,percentage,60%,60,percent,percentage_regex,medium
pub-058,src-058,percentage,60%,60,percent,percentage_regex,medium
pub-058,src-058,percentage,58%,58,percent,percentage_regex,medium
pub-058,src-058,percentage,25%,25,percent,percentage_regex,medium
pub-058,src-058,percentage,70%,70,percent,percentage_regex,medium
pub-058,src-058,percentage,55%,55,percent,percentage_regex,medium
pub-058,src-058,percentage,57%,57,percent,percentage_regex,medium
pub-058,src-058,percentage,42%,42,percent,percentage_regex,medium
pub-058,src-058,percentage,84%,84,percent,percentage_regex,medium
pub-058,src-058,percentage,93%,93,percent,percentage_regex,medium
pub-058,src-058,percentage,2%,2,percent,percentage_regex,medium
pub-058,src-058,percentage,102%,102,percent,percentage_regex,medium
pub-058,src-058,percentage,51%,51,percent,percentage_regex,medium
pub-058,src-058,percentage,94%,94,percent,percentage_regex,medium
pub-058,src-058,percentage,60%,60,percent,percentage_regex,medium
pub-058,src-058,percentage,7%,7,percent,percentage_regex,medium
pub-058,src-058,percentage,82%,82,percent,percentage_regex,medium
pub-058,src-058,percentage,44%,44,percent,percentage_regex,medium
pub-058,src-058,percentage,52%,52,percent,percentage_regex,medium
pub-058,src-058,percentage,41%,41,percent,percentage_regex,medium
pub-058,src-058,percentage,141%,141,percent,percentage_regex,medium
pub-058,src-058,percentage,75%,75,percent,percentage_regex,medium
pub-058,src-058,percentage,109%,109,percent,percentage_regex,medium
pub-058,src-058,percentage,36%,36,percent,percentage_regex,medium
pub-058,src-058,percentage,160%,160,percent,percentage_regex,medium
pub-058,src-058,percentage,43%,43,percent,percentage_regex,medium
pub-058,src-058,percentage,29%,29,percent,percentage_regex,medium
pub-058,src-058,percentage,27%,27,percent,percentage_regex,medium
pub-058,src-058,duration_or_dwell,12 months,12,contextual,duration_regex,medium
pub-058,src-058,duration_or_dwell,12 months,12,contextual,duration_regex,medium
pub-058,src-058,duration_or_dwell,12 months,12,contextual,duration_regex,medium
pub-058,src-058,duration_or_dwell,12 months,12,contextual,duration_regex,medium
pub-059,src-059,percentage,94%,94,percent,percentage_regex,medium
pub-059,src-059,percentage,54%,54,percent,percentage_regex,medium
pub-059,src-059,percentage,12%,12,percent,percentage_regex,medium
pub-059,src-059,duration_or_dwell,10 Minutes,10,contextual,duration_regex,medium
pub-059,src-059,blast_radius,26 Endpoint,26,contextual,count_context_regex,medium
pub-059,src-059,blast_radius,25 Endpoint,25,contextual,count_context_regex,medium
pub-060,src-060,percentage,94%,94,percent,percentage_regex,medium
pub-060,src-060,percentage,60%,60,percent,percentage_regex,medium
pub-060,src-060,percentage,75%,75,percent,percentage_regex,medium
pub-060,src-060,percentage,20%,20,percent,percentage_regex,medium
pub-060,src-060,percentage,75%,75,percent,percentage_regex,medium
pub-060,src-060,duration_or_dwell,10 Minutes,10,contextual,duration_regex,medium
pub-060,src-060,breakout_time,62 minutes,62,contextual,duration_regex,medium
pub-060,src-060,breakout_time,84 minutes,84,contextual,duration_regex,medium
pub-060,src-060,breakout_time,2 minutes,2,contextual,duration_regex,medium
pub-060,src-060,breakout_time,7 seconds,7,contextual,duration_regex,medium
pub-060,src-060,blast_radius,26 Endpoint,26,contextual,count_context_regex,medium
pub-060,src-060,blast_radius,25 Endpoint,25,contextual,count_context_regex,medium
pub-061,src-061,percentage,94%,94,percent,percentage_regex,medium
pub-061,src-061,percentage,220%,220,percent,percentage_regex,medium
pub-061,src-061,percentage,136%,136,percent,percentage_regex,medium
pub-061,src-061,percentage,40%,40,percent,percentage_regex,medium
pub-061,src-061,percentage,130%,130,percent,percentage_regex,medium
pub-061,src-061,percentage,81%,81,percent,percentage_regex,medium
pub-061,src-061,percentage,27%,27,percent,percentage_regex,medium
pub-061,src-061,percentage,73%,73,percent,percentage_regex,medium
pub-061,src-061,percentage,71%,71,percent,percentage_regex,medium
pub-061,src-061,percentage,185%,185,percent,percentage_regex,medium
pub-061,src-061,duration_or_dwell,10 Minutes,10,contextual,duration_regex,medium
pub-061,src-061,duration_or_dwell,12 months,12,contextual,duration_regex,medium
pub-061,src-061,duration_or_dwell,24 hours,24,contextual,duration_regex,medium
pub-061,src-061,blast_radius,26 Endpoint,26,contextual,count_context_regex,medium
pub-061,src-061,blast_radius,over 320 companies,320,contextual,count_context_regex,medium
pub-061,src-061,blast_radius,25 Endpoint,25,contextual,count_context_regex,medium
pub-062,src-062,percentage,94%,94,percent,percentage_regex,medium
pub-062,src-062,percentage,75%,75,percent,percentage_regex,medium
pub-062,src-062,percentage,110%,110,percent,percentage_regex,medium
pub-062,src-062,percentage,29%,29,percent,percentage_regex,medium
pub-062,src-062,duration_or_dwell,10 Minutes,10,contextual,duration_regex,medium
pub-062,src-062,duration_or_dwell,12 months,12,contextual,duration_regex,medium
pub-062,src-062,blast_radius,26 Endpoint,26,contextual,count_context_regex,medium
pub-062,src-062,blast_radius,25 Endpoint,25,contextual,count_context_regex,medium
pub-063,src-063,duration_or_dwell,15 days,15,contextual,duration_regex,medium
pub-064,src-064,financial_value,$25.6 million,25.6,currency,currency_regex,medium
pub-064,src-064,percentage,54%,54,percent,percentage_regex,medium
pub-064,src-064,percentage,12%,12,percent,percentage_regex,medium
pub-064,src-064,duration_or_dwell,15 days,15,contextual,duration_regex,medium
pub-065,src-065,percentage,88%,88,percent,percentage_regex,medium
pub-065,src-065,percentage,60%,60,percent,percentage_regex,medium
pub-065,src-065,percentage,73%,73,percent,percentage_regex,medium
pub-065,src-065,percentage,71%,71,percent,percentage_regex,medium
pub-065,src-065,percentage,75%,75,percent,percentage_regex,medium
pub-065,src-065,percentage,110%,110,percent,percentage_regex,medium
pub-065,src-065,percentage,76%,76,percent,percentage_regex,medium
pub-065,src-065,percentage,110%,110,percent,percentage_regex,medium
pub-065,src-065,percentage,60%,60,percent,percentage_regex,medium
pub-065,src-065,percentage,29%,29,percent,percentage_regex,medium
pub-065,src-065,percentage,84%,84,percent,percentage_regex,medium
pub-065,src-065,percentage,42%,42,percent,percentage_regex,medium
pub-065,src-065,breakout_time,62 minutes,62,contextual,duration_regex,medium
pub-065,src-065,breakout_time,2 minutes,2,contextual,duration_regex,medium
pub-065,src-065,breakout_time,7 seconds,7,contextual,duration_regex,medium
pub-065,src-065,duration_or_dwell,31 seconds,31,contextual,duration_regex,medium
pub-065,src-065,blast_radius,365 accounts,365,contextual,count_context_regex,medium
pub-065,src-065,blast_radius,55 countries,55,contextual,count_context_regex,medium
pub-067,src-067,duration_or_dwell,30 years,30,contextual,duration_regex,medium
pub-067,src-067,blast_radius,"over 20,000 websites",20000,contextual,count_context_regex,medium
pub-067,src-067,blast_radius,"over 20,000 websites",20000,contextual,count_context_regex,medium
pub-068,src-068,percentage,20%,20,percent,percentage_regex,medium
pub-068,src-068,percentage,20%,20,percent,percentage_regex,medium
pub-068,src-068,percentage,20%,20,percent,percentage_regex,medium
pub-071,src-071,duration_or_dwell,24 hours,24,contextual,duration_regex,medium
pub-072,src-072,percentage,16.7%,16.7,percent,percentage_regex,medium
pub-072,src-072,percentage,42%,42,percent,percentage_regex,medium
pub-072,src-072,percentage,500%,500,percent,percentage_regex,medium
pub-072,src-072,percentage,25%,25,percent,percentage_regex,medium
pub-072,src-072,percentage,26.7%,26.7,percent,percentage_regex,medium
pub-072,src-072,percentage,11.6%,11.6,percent,percentage_regex,medium
pub-072,src-072,percentage,8%,8,percent,percentage_regex,medium
pub-072,src-072,percentage,20%,20,percent,percentage_regex,medium
pub-072,src-072,percentage,88%,88,percent,percentage_regex,medium
pub-073,src-073,financial_value,$22 million,22,currency,currency_regex,medium
pub-073,src-073,financial_value,$22 Million,22,currency,currency_regex,medium
pub-073,src-073,percentage,27%,27,percent,percentage_regex,medium
pub-073,src-073,percentage,65%,65,percent,percentage_regex,medium
pub-073,src-073,percentage,80%,80,percent,percentage_regex,medium
pub-073,src-073,percentage,90%,90,percent,percentage_regex,medium
pub-073,src-073,percentage,78%,78,percent,percentage_regex,medium
pub-073,src-073,percentage,43%,43,percent,percentage_regex,medium
pub-073,src-073,percentage,80%,80,percent,percentage_regex,medium
pub-073,src-073,duration_or_dwell,12 months,12,contextual,duration_regex,medium
pub-073,src-073,duration_or_dwell,4.76 days,4.76,contextual,duration_regex,medium
pub-074,src-074,financial_value,$700k,700,currency,currency_regex,medium
pub-074,src-074,financial_value,$700k,700,currency,currency_regex,medium
pub-074,src-074,financial_value,"$15,000",15000,currency,currency_regex,medium
pub-074,src-074,percentage,60%,60,percent,percentage_regex,medium
pub-074,src-074,percentage,42.5%,42.5,percent,percentage_regex,medium
pub-074,src-074,percentage,84.3%,84.3,percent,percentage_regex,medium
pub-074,src-074,percentage,30%,30,percent,percentage_regex,medium
pub-074,src-074,percentage,135%,135,percent,percentage_regex,medium
pub-074,src-074,percentage,20%,20,percent,percentage_regex,medium
pub-074,src-074,percentage,10%,10,percent,percentage_regex,medium
pub-074,src-074,percentage,60%,60,percent,percentage_regex,medium
pub-074,src-074,percentage,40%,40,percent,percentage_regex,medium
pub-074,src-074,percentage,60%,60,percent,percentage_regex,medium
pub-074,src-074,percentage,80%,80,percent,percentage_regex,medium
pub-074,src-074,percentage,10%,10,percent,percentage_regex,medium
pub-074,src-074,percentage,10%,10,percent,percentage_regex,medium
pub-074,src-074,percentage,21%,21,percent,percentage_regex,medium
pub-074,src-074,percentage,54%,54,percent,percentage_regex,medium
pub-074,src-074,percentage,22%,22,percent,percentage_regex,medium
pub-074,src-074,percentage,38%,38,percent,percentage_regex,medium
pub-074,src-074,percentage,1%,1,percent,percentage_regex,medium
pub-074,src-074,percentage,1.5%,1.5,percent,percentage_regex,medium
pub-074,src-074,percentage,2%,2,percent,percentage_regex,medium
pub-074,src-074,percentage,4%,4,percent,percentage_regex,medium
pub-074,src-074,percentage,3%,3,percent,percentage_regex,medium
pub-074,src-074,percentage,26%,26,percent,percentage_regex,medium
pub-074,src-074,percentage,50%,50,percent,percentage_regex,medium
pub-074,src-074,percentage,60%,60,percent,percentage_regex,medium
pub-074,src-074,percentage,50%,50,percent,percentage_regex,medium
pub-074,src-074,duration_or_dwell,6 months,6,contextual,duration_regex,medium
pub-074,src-074,duration_or_dwell,50 days,50,contextual,duration_regex,medium
pub-074,src-074,duration_or_dwell,15 years,15,contextual,duration_regex,medium
pub-074,src-074,duration_or_dwell,3 years,3,contextual,duration_regex,medium
pub-074,src-074,duration_or_dwell,5 years,5,contextual,duration_regex,medium
pub-074,src-074,duration_or_dwell,16 months,16,contextual,duration_regex,medium
pub-074,src-074,duration_or_dwell,20 months,20,contextual,duration_regex,medium
pub-074,src-074,duration_or_dwell,8 months,8,contextual,duration_regex,medium
pub-074,src-074,duration_or_dwell,2 years,2,contextual,duration_regex,medium
pub-074,src-074,duration_or_dwell,2 months,2,contextual,duration_regex,medium
pub-074,src-074,duration_or_dwell,10 years,10,contextual,duration_regex,medium
pub-074,src-074,duration_or_dwell,10 years,10,contextual,duration_regex,medium
pub-074,src-074,duration_or_dwell,2 months,2,contextual,duration_regex,medium
pub-074,src-074,blast_radius,30 countries,30,contextual,count_context_regex,medium
pub-074,src-074,blast_radius,30 countries,30,contextual,count_context_regex,medium
pub-074,src-074,blast_radius,30 countries,30,contextual,count_context_regex,medium
pub-074,src-074,blast_radius,30 countries,30,contextual,count_context_regex,medium
pub-074,src-074,blast_radius,30 countries,30,contextual,count_context_regex,medium
pub-074,src-074,blast_radius,30 countries,30,contextual,count_context_regex,medium
pub-074,src-074,blast_radius,3 system,3,contextual,count_context_regex,medium
pub-074,src-074,blast_radius,10 Countries,10,contextual,count_context_regex,medium
pub-075,src-075,percentage,71%,71,percent,percentage_regex,medium
pub-075,src-075,percentage,30%,30,percent,percentage_regex,medium
pub-075,src-075,percentage,30%,30,percent,percentage_regex,medium
pub-075,src-075,percentage,44%,44,percent,percentage_regex,medium
pub-075,src-075,percentage,100%,100,percent,percentage_regex,medium
pub-075,src-075,percentage,266%,266,percent,percentage_regex,medium
pub-075,src-075,percentage,20%,20,percent,percentage_regex,medium
pub-075,src-075,percentage,11.5%,11.5,percent,percentage_regex,medium
pub-075,src-075,percentage,3%,3,percent,percentage_regex,medium
pub-075,src-075,percentage,72%,72,percent,percentage_regex,medium
pub-075,src-075,percentage,50%,50,percent,percentage_regex,medium
pub-075,src-075,percentage,56%,56,percent,percentage_regex,medium
pub-075,src-075,percentage,56%,56,percent,percentage_regex,medium
pub-076,src-076,percentage,56%,56,percent,percentage_regex,medium
pub-076,src-076,percentage,56%,56,percent,percentage_regex,medium
pub-077,src-077,blast_radius,2023 campaign,2023,contextual,count_context_regex,medium
pub-077,src-077,blast_radius,2024 campaign,2024,contextual,count_context_regex,medium
pub-077,src-077,blast_radius,2024 campaign,2024,contextual,count_context_regex,medium
pub-077,src-077,blast_radius,26 campaign,26,contextual,count_context_regex,medium
pub-079,src-079,blast_radius,17 countries,17,contextual,count_context_regex,medium
pub-081,src-081,percentage,24%,24,percent,percentage_regex,medium
pub-081,src-081,percentage,13%,13,percent,percentage_regex,medium
pub-081,src-081,percentage,9%,9,percent,percentage_regex,medium
pub-081,src-081,percentage,8%,8,percent,percentage_regex,medium
pub-081,src-081,percentage,6%,6,percent,percentage_regex,medium
pub-081,src-081,percentage,3%,3,percent,percentage_regex,medium
pub-081,src-081,percentage,90%,90,percent,percentage_regex,medium
pub-081,src-081,percentage,27%,27,percent,percentage_regex,medium
pub-081,src-081,percentage,15%,15,percent,percentage_regex,medium
pub-081,src-081,percentage,11%,11,percent,percentage_regex,medium
pub-081,src-081,percentage,5%,5,percent,percentage_regex,medium
pub-081,src-081,duration_or_dwell,48 hours,48,contextual,duration_regex,medium
pub-082,src-082,blast_radius,29 countries,29,contextual,count_context_regex,medium
pub-083,src-083,percentage,44%,44,percent,percentage_regex,medium
pub-083,src-083,percentage,26%,26,percent,percentage_regex,medium
pub-083,src-083,percentage,90%,90,percent,percentage_regex,medium
pub-086,src-086,financial_value,$300,300,currency,currency_regex,medium
pub-086,src-086,financial_value,$500,500,currency,currency_regex,medium
pub-086,src-086,percentage,17%,17,percent,percentage_regex,medium
pub-086,src-086,percentage,1%,1,percent,percentage_regex,medium
pub-087,src-087,blast_radius,2024 campaign,2024,contextual,count_context_regex,medium
pub-087,src-087,blast_radius,2024 campaign,2024,contextual,count_context_regex,medium
pub-087,src-087,blast_radius,10 individuals,10,contextual,count_context_regex,medium
pub-087,src-087,blast_radius,08 account,08,contextual,count_context_regex,medium
pub-091,src-091,percentage,95%,95,percent,percentage_regex,medium
pub-091,src-091,percentage,40%,40,percent,percentage_regex,medium
pub-094,src-094,percentage,18%,18,percent,percentage_regex,medium
pub-094,src-094,percentage,15%,15,percent,percentage_regex,medium
pub-094,src-094,percentage,13%,13,percent,percentage_regex,medium
pub-094,src-094,percentage,67%,67,percent,percentage_regex,medium
pub-094,src-094,percentage,6%,6,percent,percentage_regex,medium
pub-094,src-094,percentage,5%,5,percent,percentage_regex,medium
pub-094,src-094,percentage,4%,4,percent,percentage_regex,medium
pub-094,src-094,percentage,3%,3,percent,percentage_regex,medium
pub-094,src-094,dwell_time,12 months,12,contextual,duration_regex,medium
pub-094,src-094,duration_or_dwell,18 years,18,contextual,duration_regex,medium
pub-095,src-095,financial_value,$459.8 million,459.8,currency,currency_regex,medium
pub-095,src-095,financial_value,$75 million,75,currency,currency_regex,medium
pub-096,src-096,percentage,10%,10,percent,percentage_regex,medium
pub-096,src-096,percentage,1%,1,percent,percentage_regex,medium
pub-096,src-096,percentage,1%,1,percent,percentage_regex,medium
pub-096,src-096,duration_or_dwell,30 days,30,contextual,duration_regex,medium
pub-096,src-096,blast_radius,"approximately 1,400 accounts",1400,contextual,count_context_regex,medium
pub-096,src-096,blast_radius,over 50 victims,50,contextual,count_context_regex,medium
pub-096,src-096,blast_radius,"at least 1,494 individuals",1494,contextual,count_context_regex,medium
pub-097,src-097,percentage,50%,50,percent,percentage_regex,medium
pub-100,src-100,percentage,40%,40,percent,percentage_regex,medium
pub-100,src-100,percentage,75%,75,percent,percentage_regex,medium
pub-100,src-100,percentage,50%,50,percent,percentage_regex,medium
pub-103,src-103,percentage,36%,36,percent,percentage_regex,medium
pub-103,src-103,percentage,83%,83,percent,percentage_regex,medium
pub-103,src-103,percentage,75%,75,percent,percentage_regex,medium
pub-103,src-103,percentage,27%,27,percent,percentage_regex,medium
pub-103,src-103,percentage,48%,48,percent,percentage_regex,medium
pub-103,src-103,percentage,31%,31,percent,percentage_regex,medium
pub-103,src-103,percentage,22%,22,percent,percentage_regex,medium
pub-103,src-103,percentage,83%,83,percent,percentage_regex,medium
pub-103,src-103,percentage,93%,93,percent,percentage_regex,medium
pub-103,src-103,percentage,52%,52,percent,percentage_regex,medium
pub-103,src-103,percentage,38%,38,percent,percentage_regex,medium
pub-103,src-103,percentage,1%,1,percent,percentage_regex,medium
pub-103,src-103,percentage,3%,3,percent,percentage_regex,medium
pub-103,src-103,percentage,62%,62,percent,percentage_regex,medium
pub-103,src-103,percentage,74%,74,percent,percentage_regex,medium
pub-103,src-103,percentage,78%,78,percent,percentage_regex,medium
pub-103,src-103,percentage,52%,52,percent,percentage_regex,medium
pub-103,src-103,percentage,10%,10,percent,percentage_regex,medium
pub-103,src-103,percentage,56%,56,percent,percentage_regex,medium
pub-103,src-103,percentage,75%,75,percent,percentage_regex,medium
pub-103,src-103,percentage,36%,36,percent,percentage_regex,medium
pub-103,src-103,percentage,83%,83,percent,percentage_regex,medium
pub-103,src-103,percentage,52%,52,percent,percentage_regex,medium
pub-103,src-103,percentage,38%,38,percent,percentage_regex,medium
pub-103,src-103,percentage,52%,52,percent,percentage_regex,medium
pub-103,src-103,duration_or_dwell,15 years,15,contextual,duration_regex,medium
pub-103,src-103,blast_radius,2024 Organizations,2024,contextual,count_context_regex,medium
pub-104,src-104,duration_or_dwell,5 days,5,contextual,duration_regex,medium
pub-104,src-104,duration_or_dwell,4 years,4,contextual,duration_regex,medium
pub-104,src-104,duration_or_dwell,17 years,17,contextual,duration_regex,medium
pub-104,src-104,blast_radius,"more than 400,000 websites",400000,contextual,count_context_regex,medium
pub-104,src-104,blast_radius,"at least 80,000 websites",80000,contextual,count_context_regex,medium
pub-104,src-104,blast_radius,"11,000 domains",11000,contextual,count_context_regex,medium
pub-106,src-106,duration_or_dwell,2 years,2,contextual,duration_regex,medium
pub-106,src-106,blast_radius,"more than 7,000 samples",7000,contextual,count_context_regex,medium
pub-107,src-107,financial_value,$375.,375.,currency,currency_regex,medium
pub-107,src-107,percentage,4.70%,4.70,percent,percentage_regex,medium
pub-107,src-107,percentage,2.78%,2.78,percent,percentage_regex,medium
pub-107,src-107,percentage,2.35%,2.35,percent,percentage_regex,medium
pub-107,src-107,percentage,1.28%,1.28,percent,percentage_regex,medium
pub-107,src-107,percentage,0.85%,0.85,percent,percentage_regex,medium
pub-107,src-107,percentage,0.85%,0.85,percent,percentage_regex,medium
pub-107,src-107,percentage,0.64%,0.64,percent,percentage_regex,medium
pub-107,src-107,percentage,0.43%,0.43,percent,percentage_regex,medium
pub-107,src-107,percentage,0.43%,0.43,percent,percentage_regex,medium
pub-107,src-107,percentage,0.21%,0.21,percent,percentage_regex,medium
pub-107,src-107,percentage,14.53%,14.53,percent,percentage_regex,medium
pub-107,src-107,blast_radius,365 account,365,contextual,count_context_regex,medium
pub-109,src-109,percentage,80%,80,percent,percentage_regex,medium
pub-110,src-110,financial_value,$75 million,75,currency,currency_regex,medium
pub-110,src-110,percentage,13%,13,percent,percentage_regex,medium
pub-110,src-110,percentage,70%,70,percent,percentage_regex,medium
pub-110,src-110,duration_or_dwell,12 months,12,contextual,duration_regex,medium
pub-110,src-110,duration_or_dwell,1 minute,1,contextual,duration_regex,medium
pub-110,src-110,duration_or_dwell,12 minutes,12,contextual,duration_regex,medium
pub-111,src-111,blast_radius,2026 Email,2026,contextual,count_context_regex,medium
pub-112,src-112,financial_value,US$10,10,currency,currency_regex,medium
pub-112,src-112,financial_value,US$500,500,currency,currency_regex,medium
pub-112,src-112,percentage,97%,97,percent,percentage_regex,medium
pub-112,src-112,percentage,92%,92,percent,percentage_regex,medium
pub-112,src-112,duration_or_dwell,24 months,24,contextual,duration_regex,medium
pub-113,src-113,financial_value,€100,100,currency,currency_regex,medium
pub-113,src-113,financial_value,€550,550,currency,currency_regex,medium
pub-113,src-113,financial_value,"€5,000.",5000.,currency,currency_regex,medium
pub-113,src-113,financial_value,US$90,90,currency,currency_regex,medium
pub-113,src-113,financial_value,$90,90,currency,currency_regex,medium
pub-113,src-113,financial_value,$100,100,currency,currency_regex,medium
pub-113,src-113,financial_value,$110,110,currency,currency_regex,medium
pub-113,src-113,financial_value,$200,200,currency,currency_regex,medium
pub-113,src-113,financial_value,US$90,90,currency,currency_regex,medium
pub-113,src-113,financial_value,US$10.,10.,currency,currency_regex,medium
pub-113,src-113,financial_value,"US$500, b",500,currency,currency_regex,medium
pub-114,src-114,financial_value,"US $494,000",494000,currency,currency_regex,medium
pub-114,src-114,financial_value,US $25 million,25,currency,currency_regex,medium
pub-114,src-114,financial_value,"US$118,000",118000,currency,currency_regex,medium
pub-114,src-114,duration_or_dwell,30 minutes,30,contextual,duration_regex,medium
pub-114,src-114,duration_or_dwell,11 day,11,contextual,duration_regex,medium
pub-114,src-114,duration_or_dwell,20 seconds,20,contextual,duration_regex,medium
pub-114,src-114,duration_or_dwell,64 Year,64,contextual,duration_regex,medium
pub-114,src-114,blast_radius,43 countries,43,contextual,count_context_regex,medium
pub-114,src-114,blast_radius,6 companies,6,contextual,count_context_regex,medium
pub-114,src-114,blast_radius,85 Victim,85,contextual,count_context_regex,medium
pub-114,src-114,blast_radius,85 Victim,85,contextual,count_context_regex,medium
pub-116,src-116,financial_value,$1 billion,1,currency,currency_regex,medium
pub-116,src-116,financial_value,$0.55,0.55,currency,currency_regex,medium
pub-116,src-116,financial_value,$15,15,currency,currency_regex,medium
pub-116,src-116,percentage,59.9%,59.9,percent,percentage_regex,medium
pub-116,src-116,percentage,464.6%,464.6,percent,percentage_regex,medium
pub-116,src-116,percentage,45.2%,45.2,percent,percentage_regex,medium
pub-116,src-116,percentage,28.4%,28.4,percent,percentage_regex,medium
pub-116,src-116,percentage,21.6%,21.6,percent,percentage_regex,medium
pub-116,src-116,percentage,18.5%,18.5,percent,percentage_regex,medium
pub-116,src-116,percentage,10.1%,10.1,percent,percentage_regex,medium
pub-116,src-116,percentage,9.6%,9.6,percent,percentage_regex,medium
pub-116,src-116,percentage,4.2%,4.2,percent,percentage_regex,medium
pub-116,src-116,percentage,464.6%,464.6,percent,percentage_regex,medium
pub-116,src-116,percentage,53.1%,53.1,percent,percentage_regex,medium
pub-116,src-116,percentage,46.9%,46.9,percent,percentage_regex,medium
pub-116,src-116,percentage,53.1%,53.1,percent,percentage_regex,medium
pub-116,src-116,percentage,45.2%,45.2,percent,percentage_regex,medium
pub-116,src-116,percentage,24.8%,24.8,percent,percentage_regex,medium
pub-116,src-116,percentage,12.5%,12.5,percent,percentage_regex,medium
pub-116,src-116,percentage,6.4%,6.4,percent,percentage_regex,medium
pub-116,src-116,percentage,2.0%,2.0,percent,percentage_regex,medium
pub-116,src-116,percentage,45.2%,45.2,percent,percentage_regex,medium
pub-116,src-116,percentage,24.8%,24.8,percent,percentage_regex,medium
pub-116,src-116,percentage,12.5%,12.5,percent,percentage_regex,medium
pub-116,src-116,percentage,6.4%,6.4,percent,percentage_regex,medium
pub-116,src-116,percentage,2.0%,2.0,percent,percentage_regex,medium
pub-116,src-116,percentage,1.8%,1.8,percent,percentage_regex,medium
pub-116,src-116,percentage,1.2%,1.2,percent,percentage_regex,medium
pub-116,src-116,percentage,1%,1,percent,percentage_regex,medium
pub-116,src-116,percentage,1%,1,percent,percentage_regex,medium
pub-116,src-116,percentage,60.4%,60.4,percent,percentage_regex,medium
pub-116,src-116,percentage,28.3%,28.3,percent,percentage_regex,medium
pub-116,src-116,percentage,5.8%,5.8,percent,percentage_regex,medium
pub-116,src-116,percentage,1.7%,1.7,percent,percentage_regex,medium
pub-116,src-116,percentage,1.3%,1.3,percent,percentage_regex,medium
pub-116,src-116,percentage,1.1%,1.1,percent,percentage_regex,medium
pub-116,src-116,percentage,1.3%,1.3,percent,percentage_regex,medium
pub-116,src-116,percentage,1.7%,1.7,percent,percentage_regex,medium
pub-116,src-116,percentage,5.8%,5.8,percent,percentage_regex,medium
pub-116,src-116,percentage,60.4%,60.4,percent,percentage_regex,medium
pub-116,src-116,percentage,28.3%,28.3,percent,percentage_regex,medium
pub-116,src-116,percentage,1.6%,1.6,percent,percentage_regex,medium
pub-116,src-116,percentage,1.8%,1.8,percent,percentage_regex,medium
pub-116,src-116,percentage,4.4%,4.4,percent,percentage_regex,medium
pub-116,src-116,percentage,12.2%,12.2,percent,percentage_regex,medium
pub-116,src-116,percentage,40.9%,40.9,percent,percentage_regex,medium
pub-116,src-116,percentage,12.4%,12.4,percent,percentage_regex,medium
pub-116,src-116,percentage,21.0%,21.0,percent,percentage_regex,medium
pub-116,src-116,percentage,54%,54,percent,percentage_regex,medium
pub-116,src-116,percentage,59.9%,59.9,percent,percentage_regex,medium
pub-116,src-116,percentage,68%,68,percent,percentage_regex,medium
pub-116,src-116,percentage,3.1%,3.1,percent,percentage_regex,medium
pub-116,src-116,percentage,39.5%,39.5,percent,percentage_regex,medium
pub-116,src-116,percentage,0.3%,0.3,percent,percentage_regex,medium
pub-116,src-116,percentage,3.4%,3.4,percent,percentage_regex,medium
pub-116,src-116,percentage,28.4%,28.4,percent,percentage_regex,medium
pub-116,src-116,percentage,4.2%,4.2,percent,percentage_regex,medium
pub-116,src-116,percentage,19.2%,19.2,percent,percentage_regex,medium
pub-116,src-116,percentage,9.6%,9.6,percent,percentage_regex,medium
pub-116,src-116,percentage,28.4%,28.4,percent,percentage_regex,medium
pub-116,src-116,percentage,15%,15,percent,percentage_regex,medium
pub-116,src-116,percentage,10.8%,10.8,percent,percentage_regex,medium
pub-116,src-116,percentage,10.1%,10.1,percent,percentage_regex,medium
pub-116,src-116,percentage,21.6%,21.6,percent,percentage_regex,medium
pub-116,src-116,percentage,18.5 %,18.5,percent,percentage_regex,medium
pub-116,src-116,percentage,21.6%,21.6,percent,percentage_regex,medium
pub-116,src-116,percentage,18.5%,18.5,percent,percentage_regex,medium
pub-116,src-116,percentage,10.1%,10.1,percent,percentage_regex,medium
pub-116,src-116,percentage,9.6%,9.6,percent,percentage_regex,medium
pub-116,src-116,percentage,39.5%,39.5,percent,percentage_regex,medium
pub-116,src-116,percentage,19.2%,19.2,percent,percentage_regex,medium
pub-116,src-116,percentage,15.0%,15.0,percent,percentage_regex,medium
pub-116,src-116,percentage,10.8%,10.8,percent,percentage_regex,medium
pub-116,src-116,percentage,6.9%,6.9,percent,percentage_regex,medium
pub-116,src-116,percentage,4.5%,4.5,percent,percentage_regex,medium
pub-116,src-116,percentage,2.2%,2.2,percent,percentage_regex,medium
pub-116,src-116,percentage,1.6%,1.6,percent,percentage_regex,medium
pub-116,src-116,percentage,0.3%,0.3,percent,percentage_regex,medium
pub-116,src-116,percentage,21.6%,21.6,percent,percentage_regex,medium
pub-116,src-116,percentage,19.2%,19.2,percent,percentage_regex,medium
pub-116,src-116,percentage,9.6%,9.6,percent,percentage_regex,medium
pub-116,src-116,percentage,4.1%,4.1,percent,percentage_regex,medium
pub-116,src-116,percentage,10.8%,10.8,percent,percentage_regex,medium
pub-116,src-116,percentage,17.23%,17.23,percent,percentage_regex,medium
pub-116,src-116,percentage,4.2%,4.2,percent,percentage_regex,medium
pub-116,src-116,percentage,2.4%,2.4,percent,percentage_regex,medium
pub-116,src-116,percentage,11.4%,11.4,percent,percentage_regex,medium
pub-116,src-116,percentage,3.9%,3.9,percent,percentage_regex,medium
pub-116,src-116,percentage,11.4%,11.4,percent,percentage_regex,medium
pub-116,src-116,percentage,29.1%,29.1,percent,percentage_regex,medium
pub-116,src-116,percentage,11.5%,11.5,percent,percentage_regex,medium
pub-116,src-116,percentage,12.7 %,12.7,percent,percentage_regex,medium
pub-116,src-116,percentage,27.1%,27.1,percent,percentage_regex,medium
pub-116,src-116,percentage,46.2%,46.2,percent,percentage_regex,medium
pub-116,src-116,percentage,8.7%,8.7,percent,percentage_regex,medium
pub-116,src-116,percentage,1.4%,1.4,percent,percentage_regex,medium
pub-116,src-116,percentage,1.6%,1.6,percent,percentage_regex,medium
pub-116,src-116,percentage,2.6%,2.6,percent,percentage_regex,medium
pub-116,src-116,percentage,3.3%,3.3,percent,percentage_regex,medium
pub-116,src-116,percentage,3.6%,3.6,percent,percentage_regex,medium
pub-116,src-116,percentage,46.2%,46.2,percent,percentage_regex,medium
pub-116,src-116,percentage,3.6%,3.6,percent,percentage_regex,medium
pub-116,src-116,percentage,4.2%,4.2,percent,percentage_regex,medium
pub-116,src-116,percentage,5.1%,5.1,percent,percentage_regex,medium
pub-116,src-116,percentage,8.7 %,8.7,percent,percentage_regex,medium
pub-116,src-116,percentage,5.74%,5.74,percent,percentage_regex,medium
pub-116,src-116,percentage,22.3%,22.3,percent,percentage_regex,medium
pub-116,src-116,percentage,18.4%,18.4,percent,percentage_regex,medium
pub-116,src-116,percentage,11.3%,11.3,percent,percentage_regex,medium
pub-116,src-116,percentage,5.1%,5.1,percent,percentage_regex,medium
pub-116,src-116,percentage,20%,20,percent,percentage_regex,medium
pub-116,src-116,percentage,2.0%,2.0,percent,percentage_regex,medium
pub-116,src-116,percentage,2.5%,2.5,percent,percentage_regex,medium
pub-116,src-116,percentage,2.5%,2.5,percent,percentage_regex,medium
pub-116,src-116,percentage,22.3%,22.3,percent,percentage_regex,medium
pub-116,src-116,percentage,2.9%,2.9,percent,percentage_regex,medium
pub-116,src-116,percentage,3.2%,3.2,percent,percentage_regex,medium
pub-116,src-116,percentage,3.6%,3.6,percent,percentage_regex,medium
pub-116,src-116,percentage,3.9%,3.9,percent,percentage_regex,medium
pub-116,src-116,percentage,18.4%,18.4,percent,percentage_regex,medium
pub-116,src-116,percentage,4.1%,4.1,percent,percentage_regex,medium
pub-116,src-116,percentage,11.3%,11.3,percent,percentage_regex,medium
pub-116,src-116,percentage,6.0%,6.0,percent,percentage_regex,medium
pub-116,src-116,percentage,3.6%,3.6,percent,percentage_regex,medium
pub-116,src-116,percentage,36.4%,36.4,percent,percentage_regex,medium
pub-116,src-116,percentage,15.2%,15.2,percent,percentage_regex,medium
pub-116,src-116,percentage,13.6%,13.6,percent,percentage_regex,medium
pub-116,src-116,percentage,41.5%,41.5,percent,percentage_regex,medium
pub-116,src-116,percentage,5.7%,5.7,percent,percentage_regex,medium
pub-116,src-116,percentage,2.3%,2.3,percent,percentage_regex,medium
pub-116,src-116,percentage,2.9%,2.9,percent,percentage_regex,medium
pub-116,src-116,percentage,3.0%,3.0,percent,percentage_regex,medium
pub-116,src-116,percentage,3.4%,3.4,percent,percentage_regex,medium
pub-116,src-116,percentage,36.4%,36.4,percent,percentage_regex,medium
pub-116,src-116,percentage,4.6%,4.6,percent,percentage_regex,medium
pub-116,src-116,percentage,5.6%,5.6,percent,percentage_regex,medium
pub-116,src-116,percentage,6.5%,6.5,percent,percentage_regex,medium
pub-116,src-116,percentage,13.6 %,13.6,percent,percentage_regex,medium
pub-116,src-116,percentage,15.2%,15.2,percent,percentage_regex,medium
pub-116,src-116,percentage,36%,36,percent,percentage_regex,medium
pub-116,src-116,percentage,90%,90,percent,percentage_regex,medium
pub-116,src-116,blast_radius,5 countries,5,contextual,count_context_regex,medium
pub-116,src-116,blast_radius,"317,583,902 User",317583902,contextual,count_context_regex,medium
