publication_id,tag_count,metric_count,ioc_count,core_dimension_fill_count,core_dimension_fill_percent,ai_relevance,analysis_inclusion,manual_review_required
pub-001,7,3,0,3,30.0,background_ai_mention,context_only,yes
pub-002,6,0,0,2,20.0,background_ai_mention,context_only,yes
pub-003,8,2,0,3,30.0,core_ai_attack,include_with_manual_validation,yes
pub-004,63,3,0,7,70.0,core_ai_attack,include_with_manual_validation,yes
pub-005,126,123,0,8,80.0,core_ai_attack,include_with_manual_validation,yes
pub-006,50,7,2,8,80.0,core_ai_attack,include_with_manual_validation,yes
pub-007,70,1,0,9,90.0,core_ai_attack,include_with_manual_validation,yes
pub-008,25,59,0,5,50.0,core_ai_attack,include_with_manual_validation,yes
pub-009,11,3,0,3,30.0,core_ai_attack,include_with_manual_validation,yes
pub-010,2,0,46,1,10.0,non_ai,exclude_non_ai,yes
pub-011,16,1,0,5,50.0,adjacent_ai_security,context_only,yes
pub-012,93,4,0,8,80.0,core_ai_attack,include_with_manual_validation,yes
pub-013,34,16,0,8,80.0,core_ai_attack,include_with_manual_validation,yes
pub-014,39,1,0,7,70.0,core_ai_attack,include_with_manual_validation,yes
pub-015,117,0,0,9,90.0,core_ai_attack,include_with_manual_validation,yes
pub-016,52,0,38,7,70.0,core_ai_attack,include_with_manual_validation,yes
pub-017,39,0,0,8,80.0,core_ai_attack,include_with_manual_validation,yes
pub-018,99,0,0,8,80.0,core_ai_attack,include_with_manual_validation,yes
pub-019,103,0,0,8,80.0,core_ai_attack,include_with_manual_validation,yes
pub-020,65,0,0,8,80.0,core_ai_attack,include_with_manual_validation,yes
pub-021,61,0,16,8,80.0,core_ai_attack,include_with_manual_validation,yes
pub-022,107,97,0,10,100.0,core_ai_attack,include_with_manual_validation,yes
pub-023,82,10,0,9,90.0,core_ai_attack,include_with_manual_validation,yes
pub-024,5,0,0,4,40.0,core_ai_attack,include_with_manual_validation,yes
pub-025,7,0,0,4,40.0,core_ai_attack,include_with_manual_validation,yes
pub-026,8,0,4,6,60.0,core_ai_attack,include_with_manual_validation,yes
pub-027,6,0,0,4,40.0,core_ai_attack,include_with_manual_validation,yes
pub-028,20,0,4,7,70.0,core_ai_attack,include_with_manual_validation,yes
pub-029,15,0,2,6,60.0,core_ai_attack,include_with_manual_validation,yes
pub-030,22,0,0,7,70.0,core_ai_attack,include_with_manual_validation,yes
pub-031,42,0,0,7,70.0,core_ai_attack,include_with_manual_validation,yes
pub-032,54,2,9,7,70.0,core_ai_attack,include_with_manual_validation,yes
pub-033,65,0,36,7,70.0,core_ai_attack,include_with_manual_validation,yes
pub-034,67,11,2,6,60.0,core_ai_attack,include_with_manual_validation,yes
pub-035,72,1,0,7,70.0,core_ai_attack,include_with_manual_validation,yes
pub-036,60,0,1,7,70.0,core_ai_attack,include_with_manual_validation,yes
pub-037,38,0,0,5,50.0,core_ai_attack,include_with_manual_validation,yes
pub-038,96,2,90,8,80.0,core_ai_attack,include_with_manual_validation,yes
pub-040,65,16,0,8,80.0,core_ai_attack,include_with_manual_validation,yes
pub-041,45,2,1,6,60.0,core_ai_attack,include_with_manual_validation,yes
pub-042,61,13,12,8,80.0,core_ai_attack,include_with_manual_validation,yes
pub-043,57,4,4,6,60.0,core_ai_attack,include_with_manual_validation,yes
pub-044,66,2,3,8,80.0,core_ai_attack,include_with_manual_validation,yes
pub-045,44,10,0,7,70.0,core_ai_attack,include_with_manual_validation,yes
pub-046,40,7,0,7,70.0,core_ai_attack,include_with_manual_validation,yes
pub-047,62,1,0,8,80.0,core_ai_attack,include_with_manual_validation,yes
pub-048,74,12,40,8,80.0,core_ai_attack,include_with_manual_validation,yes
pub-049,50,6,0,7,70.0,core_ai_attack,include_with_manual_validation,yes
pub-050,24,8,0,6,60.0,core_ai_attack,include_with_manual_validation,yes
pub-051,25,0,0,7,70.0,core_ai_attack,include_with_manual_validation,yes
pub-052,35,3,0,7,70.0,core_ai_attack,include_with_manual_validation,yes
pub-054,68,34,0,7,70.0,core_ai_attack,include_with_manual_validation,yes
pub-055,20,3,2,5,50.0,core_ai_attack,include_with_manual_validation,yes
pub-056,97,5,24,9,90.0,core_ai_attack,include_with_manual_validation,yes
pub-057,37,0,0,7,70.0,core_ai_attack,include_with_manual_validation,yes
pub-058,33,42,0,7,70.0,core_ai_attack,include_with_manual_validation,yes
pub-059,65,6,0,7,70.0,core_ai_attack,include_with_manual_validation,yes
pub-060,41,12,0,7,70.0,core_ai_attack,include_with_manual_validation,yes
pub-061,66,16,0,8,80.0,core_ai_attack,include_with_manual_validation,yes
pub-062,39,8,0,8,80.0,core_ai_attack,include_with_manual_validation,yes
pub-063,22,1,0,7,70.0,core_ai_attack,include_with_manual_validation,yes
pub-064,39,4,0,7,70.0,core_ai_attack,include_with_manual_validation,yes
pub-065,37,18,0,7,70.0,core_ai_attack,include_with_manual_validation,yes
pub-066,8,0,0,3,30.0,background_ai_mention,context_only,yes
pub-067,25,3,0,6,60.0,core_ai_attack,include_with_manual_validation,yes
pub-068,13,3,0,5,50.0,core_ai_attack,include_with_manual_validation,yes
pub-069,22,0,0,6,60.0,core_ai_attack,include_with_manual_validation,yes
pub-070,13,0,0,6,60.0,core_ai_attack,include_with_manual_validation,yes
pub-071,18,1,0,5,50.0,core_ai_attack,include_with_manual_validation,yes
pub-072,52,9,0,6,60.0,core_ai_attack,include_with_manual_validation,yes
pub-073,61,11,0,7,70.0,core_ai_attack,include_with_manual_validation,yes
pub-074,87,50,26,7,70.0,core_ai_attack,include_with_manual_validation,yes
pub-075,18,13,0,3,30.0,core_ai_attack,include_with_manual_validation,yes
pub-076,15,2,0,4,40.0,core_ai_attack,include_with_manual_validation,yes
pub-077,39,4,8,7,70.0,core_ai_attack,include_with_manual_validation,yes
pub-078,19,0,0,5,50.0,core_ai_attack,include_with_manual_validation,yes
pub-079,31,1,0,6,60.0,core_ai_attack,include_with_manual_validation,yes
pub-081,43,12,0,7,70.0,core_ai_attack,include_with_manual_validation,yes
pub-082,70,1,0,9,90.0,core_ai_attack,include_with_manual_validation,yes
pub-083,58,3,1,8,80.0,core_ai_attack,include_with_manual_validation,yes
pub-084,42,0,0,5,50.0,core_ai_attack,include_with_manual_validation,yes
pub-085,36,0,0,4,40.0,core_ai_attack,include_with_manual_validation,yes
pub-086,55,4,39,8,80.0,core_ai_attack,include_with_manual_validation,yes
pub-087,40,4,6,7,70.0,core_ai_attack,include_with_manual_validation,yes
pub-088,48,0,3,8,80.0,core_ai_attack,include_with_manual_validation,yes
pub-089,29,0,0,7,70.0,core_ai_attack,include_with_manual_validation,yes
pub-090,25,0,0,5,50.0,core_ai_attack,include_with_manual_validation,yes
pub-091,52,2,0,7,70.0,core_ai_attack,include_with_manual_validation,yes
pub-092,55,0,0,7,70.0,core_ai_attack,include_with_manual_validation,yes
pub-094,130,10,0,9,90.0,core_ai_attack,include_with_manual_validation,yes
pub-095,29,2,0,5,50.0,core_ai_attack,include_with_manual_validation,yes
pub-096,112,7,4,9,90.0,core_ai_attack,include_with_manual_validation,yes
pub-097,17,1,0,3,30.0,core_ai_attack,include_with_manual_validation,yes
pub-098,21,0,0,3,30.0,core_ai_attack,include_with_manual_validation,yes
pub-100,22,3,0,3,30.0,core_ai_attack,include_with_manual_validation,yes
pub-101,33,0,0,7,70.0,core_ai_attack,include_with_manual_validation,yes
pub-102,20,0,1,4,40.0,core_ai_attack,include_with_manual_validation,yes
pub-103,6,27,0,4,40.0,background_ai_mention,context_only,yes
pub-104,33,6,64,8,80.0,core_ai_attack,include_with_manual_validation,yes
pub-105,28,0,2,6,60.0,core_ai_attack,include_with_manual_validation,yes
pub-106,55,2,39,8,80.0,core_ai_attack,include_with_manual_validation,yes
pub-107,73,13,0,8,80.0,core_ai_attack,include_with_manual_validation,yes
pub-108,12,0,0,3,30.0,core_ai_attack,exclude,yes
pub-109,2,1,2,1,10.0,core_ai_attack,exclude,yes
pub-110,19,6,0,5,50.0,core_ai_attack,include_with_manual_validation,yes
pub-111,30,1,0,6,60.0,core_ai_attack,include_with_manual_validation,yes
pub-112,30,5,0,7,70.0,core_ai_attack,include_with_manual_validation,yes
pub-113,30,11,0,5,50.0,core_ai_attack,include_with_manual_validation,yes
pub-114,85,11,0,8,80.0,core_ai_attack,include_with_manual_validation,yes
pub-115,4,0,0,2,20.0,core_ai_attack,include_with_manual_validation,yes
pub-116,92,143,0,7,70.0,core_ai_attack,include_with_manual_validation,yes
